File Name; Seconds Elapsed; Number Count; Operation Count
data-set/100-numbers-0-ordered-ascending.txt.csv;0.000015;100;99
data-set/100-numbers-0-ordered-descending.txt.csv;0.000033;100;4949
data-set/100-numbers-0-unordered.txt.csv;0.000033;100;2727
2727data-set/100-numbers-1-ordered-ascending.txt.csv;0.000015;100;99
data-set/100-numbers-1-ordered-descending.txt.csv;0.000033;100;4950
data-set/100-numbers-1-unordered.txt.csv;0.000030;100;2267
data-set/100-numbers-10-ordered-ascending.txt.csv;0.000016;100;99
data-set/100-numbers-10-ordered-descending.txt.csv;0.000033;100;4950
data-set/100-numbers-10-unordered.txt.csv;0.000033;100;2653
data-set/100-numbers-11-ordered-ascending.txt.csv;0.000015;100;99
data-set/100-numbers-11-ordered-descending.txt.csv;0.000031;100;4950
data-set/100-numbers-11-unordered.txt.csv;0.000037;100;2181
data-set/100-numbers-12-ordered-ascending.txt.csv;0.000023;100;99
data-set/100-numbers-12-ordered-descending.txt.csv;0.000039;100;4950
data-set/100-numbers-12-unordered.txt.csv;0.000038;100;2789
data-set/100-numbers-13-ordered-ascending.txt.csv;0.000017;100;99
data-set/100-numbers-13-ordered-descending.txt.csv;0.000049;100;4950
data-set/100-numbers-13-unordered.txt.csv;0.000042;100;2627
data-set/100-numbers-14-ordered-ascending.txt.csv;0.000016;100;99
data-set/100-numbers-14-ordered-descending.txt.csv;0.000032;100;4950
data-set/100-numbers-14-unordered.txt.csv;0.000032;100;2416
data-set/100-numbers-15-ordered-ascending.txt.csv;0.000019;100;99
data-set/100-numbers-15-ordered-descending.txt.csv;0.000047;100;4950
data-set/100-numbers-15-unordered.txt.csv;0.000033;100;2598
data-set/100-numbers-16-ordered-ascending.txt.csv;0.000016;100;99
data-set/100-numbers-16-ordered-descending.txt.csv;0.000033;100;4949
data-set/100-numbers-16-unordered.txt.csv;0.000034;100;2643
data-set/100-numbers-17-ordered-ascending.txt.csv;0.000019;100;99
data-set/100-numbers-17-ordered-descending.txt.csv;0.000055;100;4950
data-set/100-numbers-17-unordered.txt.csv;0.000041;100;2436
data-set/100-numbers-18-ordered-ascending.txt.csv;0.000016;100;99
data-set/100-numbers-18-ordered-descending.txt.csv;0.000033;100;4950
data-set/100-numbers-18-unordered.txt.csv;0.000033;100;2734
data-set/100-numbers-19-ordered-ascending.txt.csv;0.000017;100;99
data-set/100-numbers-19-ordered-descending.txt.csv;0.000046;100;4950
data-set/100-numbers-19-unordered.txt.csv;0.000040;100;2325
data-set/100-numbers-2-ordered-ascending.txt.csv;0.000020;100;99
data-set/100-numbers-2-ordered-descending.txt.csv;0.000033;100;4950
data-set/100-numbers-2-unordered.txt.csv;0.000043;100;2633
data-set/100-numbers-20-ordered-ascending.txt.csv;0.000019;100;99
data-set/100-numbers-20-ordered-descending.txt.csv;0.000045;100;4950
data-set/100-numbers-20-unordered.txt.csv;0.000038;100;2363
data-set/100-numbers-21-ordered-ascending.txt.csv;0.000022;100;99
data-set/100-numbers-21-ordered-descending.txt.csv;0.000051;100;4950
data-set/100-numbers-21-unordered.txt.csv;0.000043;100;2630
data-set/100-numbers-22-ordered-ascending.txt.csv;0.000015;100;99
data-set/100-numbers-22-ordered-descending.txt.csv;0.000050;100;4949
data-set/100-numbers-22-unordered.txt.csv;0.000042;100;2476
data-set/100-numbers-23-ordered-ascending.txt.csv;0.000019;100;99
data-set/100-numbers-23-ordered-descending.txt.csv;0.000043;100;4950
data-set/100-numbers-23-unordered.txt.csv;0.000033;100;2600
data-set/100-numbers-24-ordered-ascending.txt.csv;0.000015;100;99
data-set/100-numbers-24-ordered-descending.txt.csv;0.000034;100;4950
data-set/100-numbers-24-unordered.txt.csv;0.000052;100;2340
data-set/100-numbers-25-ordered-ascending.txt.csv;0.000015;100;99
data-set/100-numbers-25-ordered-descending.txt.csv;0.000036;100;4950
data-set/100-numbers-25-unordered.txt.csv;0.000031;100;2495
data-set/100-numbers-26-ordered-ascending.txt.csv;0.000017;100;99
data-set/100-numbers-26-ordered-descending.txt.csv;0.000036;100;4950
data-set/100-numbers-26-unordered.txt.csv;0.000041;100;2646
data-set/100-numbers-27-ordered-ascending.txt.csv;0.000015;100;99
data-set/100-numbers-27-ordered-descending.txt.csv;0.000033;100;4950
data-set/100-numbers-27-unordered.txt.csv;0.000038;100;2443
data-set/100-numbers-28-ordered-ascending.txt.csv;0.000016;100;99
data-set/100-numbers-28-ordered-descending.txt.csv;0.000045;100;4950
data-set/100-numbers-28-unordered.txt.csv;0.000032;100;2339
data-set/100-numbers-29-ordered-ascending.txt.csv;0.000015;100;99
data-set/100-numbers-29-ordered-descending.txt.csv;0.000042;100;4950
data-set/100-numbers-29-unordered.txt.csv;0.000030;100;2357
data-set/100-numbers-3-ordered-ascending.txt.csv;0.000017;100;99
data-set/100-numbers-3-ordered-descending.txt.csv;0.000035;100;4950
data-set/100-numbers-3-unordered.txt.csv;0.000042;100;2506
data-set/100-numbers-30-ordered-ascending.txt.csv;0.000015;100;99
data-set/100-numbers-30-ordered-descending.txt.csv;0.000032;100;4950
data-set/100-numbers-30-unordered.txt.csv;0.000037;100;2276
data-set/100-numbers-31-ordered-ascending.txt.csv;0.000016;100;99
data-set/100-numbers-31-ordered-descending.txt.csv;0.000033;100;4949
data-set/100-numbers-31-unordered.txt.csv;0.000035;100;2402
data-set/100-numbers-32-ordered-ascending.txt.csv;0.000015;100;99
data-set/100-numbers-32-ordered-descending.txt.csv;0.000055;100;4950
data-set/100-numbers-32-unordered.txt.csv;0.000040;100;2826
data-set/100-numbers-33-ordered-ascending.txt.csv;0.000020;100;99
data-set/100-numbers-33-ordered-descending.txt.csv;0.000049;100;4950
data-set/100-numbers-33-unordered.txt.csv;0.000044;100;2613
data-set/100-numbers-34-ordered-ascending.txt.csv;0.000016;100;99
data-set/100-numbers-34-ordered-descending.txt.csv;0.000033;100;4950
data-set/100-numbers-34-unordered.txt.csv;0.000048;100;2589
data-set/100-numbers-35-ordered-ascending.txt.csv;0.000015;100;99
data-set/100-numbers-35-ordered-descending.txt.csv;0.000045;100;4950
data-set/100-numbers-35-unordered.txt.csv;0.000045;100;2636
data-set/100-numbers-36-ordered-ascending.txt.csv;0.000031;100;99
data-set/100-numbers-36-ordered-descending.txt.csv;0.000045;100;4950
data-set/100-numbers-36-unordered.txt.csv;0.000040;100;2454
data-set/100-numbers-37-ordered-ascending.txt.csv;0.000016;100;99
data-set/100-numbers-37-ordered-descending.txt.csv;0.000052;100;4950
data-set/100-numbers-37-unordered.txt.csv;0.000051;100;2669
data-set/100-numbers-38-ordered-ascending.txt.csv;0.000023;100;99
data-set/100-numbers-38-ordered-descending.txt.csv;0.000058;100;4950
data-set/100-numbers-38-unordered.txt.csv;0.000040;100;2651
data-set/100-numbers-39-ordered-ascending.txt.csv;0.000020;100;99
data-set/100-numbers-39-ordered-descending.txt.csv;0.000043;100;4950
data-set/100-numbers-39-unordered.txt.csv;0.000039;100;2481
data-set/100-numbers-4-ordered-ascending.txt.csv;0.000023;100;99
data-set/100-numbers-4-ordered-descending.txt.csv;0.000049;100;4950
data-set/100-numbers-4-unordered.txt.csv;0.000042;100;2273
data-set/100-numbers-40-ordered-ascending.txt.csv;0.000020;100;99
data-set/100-numbers-40-ordered-descending.txt.csv;0.000049;100;4949
data-set/100-numbers-40-unordered.txt.csv;0.000041;100;2399
data-set/100-numbers-41-ordered-ascending.txt.csv;0.000022;100;99
data-set/100-numbers-41-ordered-descending.txt.csv;0.000044;100;4950
data-set/100-numbers-41-unordered.txt.csv;0.000039;100;2631
data-set/100-numbers-42-ordered-ascending.txt.csv;0.000015;100;99
data-set/100-numbers-42-ordered-descending.txt.csv;0.000043;100;4950
data-set/100-numbers-42-unordered.txt.csv;0.000044;100;2873
data-set/100-numbers-43-ordered-ascending.txt.csv;0.000020;100;99
data-set/100-numbers-43-ordered-descending.txt.csv;0.000048;100;4950
data-set/100-numbers-43-unordered.txt.csv;0.000040;100;2337
data-set/100-numbers-44-ordered-ascending.txt.csv;0.000026;100;99
data-set/100-numbers-44-ordered-descending.txt.csv;0.000042;100;4950
data-set/100-numbers-44-unordered.txt.csv;0.000040;100;2563
data-set/100-numbers-45-ordered-ascending.txt.csv;0.000023;100;99
data-set/100-numbers-45-ordered-descending.txt.csv;0.000045;100;4950
data-set/100-numbers-45-unordered.txt.csv;0.000061;100;2517
data-set/100-numbers-46-ordered-ascending.txt.csv;0.000016;100;99
data-set/100-numbers-46-ordered-descending.txt.csv;0.000038;100;4950
data-set/100-numbers-46-unordered.txt.csv;0.000032;100;2623
data-set/100-numbers-47-ordered-ascending.txt.csv;0.000016;100;99
data-set/100-numbers-47-ordered-descending.txt.csv;0.000034;100;4949
data-set/100-numbers-47-unordered.txt.csv;0.000033;100;2292
data-set/100-numbers-48-ordered-ascending.txt.csv;0.000016;100;99
data-set/100-numbers-48-ordered-descending.txt.csv;0.000046;100;4950
data-set/100-numbers-48-unordered.txt.csv;0.000041;100;2686
data-set/100-numbers-49-ordered-ascending.txt.csv;0.000015;100;99
data-set/100-numbers-49-ordered-descending.txt.csv;0.000041;100;4950
data-set/100-numbers-49-unordered.txt.csv;0.000040;100;2349
data-set/100-numbers-5-ordered-ascending.txt.csv;0.000021;100;99
data-set/100-numbers-5-ordered-descending.txt.csv;0.000045;100;4950
data-set/100-numbers-5-unordered.txt.csv;0.000035;100;2473
data-set/100-numbers-50-ordered-ascending.txt.csv;0.000016;100;99
data-set/100-numbers-50-ordered-descending.txt.csv;0.000033;100;4950
data-set/100-numbers-50-unordered.txt.csv;0.000039;100;2461
data-set/100-numbers-51-ordered-ascending.txt.csv;0.000022;100;99
data-set/100-numbers-51-ordered-descending.txt.csv;0.000032;100;4950
data-set/100-numbers-51-unordered.txt.csv;0.000035;100;2436
data-set/100-numbers-52-ordered-ascending.txt.csv;0.000023;100;99
data-set/100-numbers-52-ordered-descending.txt.csv;0.000053;100;4950
data-set/100-numbers-52-unordered.txt.csv;0.000043;100;2638
data-set/100-numbers-53-ordered-ascending.txt.csv;0.000015;100;99
data-set/100-numbers-53-ordered-descending.txt.csv;0.000044;100;4950
data-set/100-numbers-53-unordered.txt.csv;0.000042;100;2728
data-set/100-numbers-54-ordered-ascending.txt.csv;0.000023;100;99
data-set/100-numbers-54-ordered-descending.txt.csv;0.000046;100;4950
data-set/100-numbers-54-unordered.txt.csv;0.000043;100;2714
data-set/100-numbers-55-ordered-ascending.txt.csv;0.000023;100;99
data-set/100-numbers-55-ordered-descending.txt.csv;0.000051;100;4950
data-set/100-numbers-55-unordered.txt.csv;0.000042;100;2444
data-set/100-numbers-56-ordered-ascending.txt.csv;0.000016;100;99
data-set/100-numbers-56-ordered-descending.txt.csv;0.000034;100;4950
data-set/100-numbers-56-unordered.txt.csv;0.000033;100;2441
data-set/100-numbers-57-ordered-ascending.txt.csv;0.000016;100;99
data-set/100-numbers-57-ordered-descending.txt.csv;0.000044;100;4949
data-set/100-numbers-57-unordered.txt.csv;0.000045;100;2710
data-set/100-numbers-58-ordered-ascending.txt.csv;0.000021;100;99
data-set/100-numbers-58-ordered-descending.txt.csv;0.000048;100;4950
data-set/100-numbers-58-unordered.txt.csv;0.000038;100;2361
data-set/100-numbers-59-ordered-ascending.txt.csv;0.000022;100;99
data-set/100-numbers-59-ordered-descending.txt.csv;0.000043;100;4950
data-set/100-numbers-59-unordered.txt.csv;0.000039;100;2575
data-set/100-numbers-6-ordered-ascending.txt.csv;0.000020;100;99
data-set/100-numbers-6-ordered-descending.txt.csv;0.000046;100;4950
data-set/100-numbers-6-unordered.txt.csv;0.000043;100;2469
data-set/100-numbers-60-ordered-ascending.txt.csv;0.000021;100;99
data-set/100-numbers-60-ordered-descending.txt.csv;0.000033;100;4950
data-set/100-numbers-60-unordered.txt.csv;0.000043;100;2419
data-set/100-numbers-61-ordered-ascending.txt.csv;0.000020;100;99
data-set/100-numbers-61-ordered-descending.txt.csv;0.000034;100;4950
data-set/100-numbers-61-unordered.txt.csv;0.000031;100;2529
data-set/100-numbers-62-ordered-ascending.txt.csv;0.000017;100;99
data-set/100-numbers-62-ordered-descending.txt.csv;0.000049;100;4950
data-set/100-numbers-62-unordered.txt.csv;0.000042;100;2866
data-set/100-numbers-63-ordered-ascending.txt.csv;0.000018;100;99
data-set/100-numbers-63-ordered-descending.txt.csv;0.000048;100;4950
data-set/100-numbers-63-unordered.txt.csv;0.000044;100;2265
data-set/100-numbers-64-ordered-ascending.txt.csv;0.000021;100;99
data-set/100-numbers-64-ordered-descending.txt.csv;0.000043;100;4950
data-set/100-numbers-64-unordered.txt.csv;0.000040;100;2510
data-set/100-numbers-65-ordered-ascending.txt.csv;0.000022;100;99
data-set/100-numbers-65-ordered-descending.txt.csv;0.000047;100;4950
data-set/100-numbers-65-unordered.txt.csv;0.000036;100;2249
data-set/100-numbers-66-ordered-ascending.txt.csv;0.000018;100;99
data-set/100-numbers-66-ordered-descending.txt.csv;0.000048;100;4950
data-set/100-numbers-66-unordered.txt.csv;0.000041;100;2572
data-set/100-numbers-67-ordered-ascending.txt.csv;0.000023;100;99
data-set/100-numbers-67-ordered-descending.txt.csv;0.000032;100;4950
data-set/100-numbers-67-unordered.txt.csv;0.000043;100;2364
data-set/100-numbers-68-ordered-ascending.txt.csv;0.000020;100;99
data-set/100-numbers-68-ordered-descending.txt.csv;0.000034;100;4950
data-set/100-numbers-68-unordered.txt.csv;0.000039;100;2456
data-set/100-numbers-69-ordered-ascending.txt.csv;0.000017;100;99
data-set/100-numbers-69-ordered-descending.txt.csv;0.000048;100;4950
data-set/100-numbers-69-unordered.txt.csv;0.000045;100;2476
data-set/100-numbers-7-ordered-ascending.txt.csv;0.000015;100;99
data-set/100-numbers-7-ordered-descending.txt.csv;0.000033;100;4950
data-set/100-numbers-7-unordered.txt.csv;0.000033;100;2838
data-set/100-numbers-70-ordered-ascending.txt.csv;0.000015;100;99
data-set/100-numbers-70-ordered-descending.txt.csv;0.000047;100;4950
data-set/100-numbers-70-unordered.txt.csv;0.000041;100;2684
data-set/100-numbers-71-ordered-ascending.txt.csv;0.000015;100;99
data-set/100-numbers-71-ordered-descending.txt.csv;0.000047;100;4950
data-set/100-numbers-71-unordered.txt.csv;0.000032;100;2554
data-set/100-numbers-72-ordered-ascending.txt.csv;0.000020;100;99
data-set/100-numbers-72-ordered-descending.txt.csv;0.000049;100;4950
data-set/100-numbers-72-unordered.txt.csv;0.000032;100;2280
data-set/100-numbers-73-ordered-ascending.txt.csv;0.000017;100;99
data-set/100-numbers-73-ordered-descending.txt.csv;0.000033;100;4949
data-set/100-numbers-73-unordered.txt.csv;0.000030;100;2376
data-set/100-numbers-74-ordered-ascending.txt.csv;0.000022;100;99
data-set/100-numbers-74-ordered-descending.txt.csv;0.000046;100;4950
data-set/100-numbers-74-unordered.txt.csv;0.000033;100;2693
data-set/100-numbers-75-ordered-ascending.txt.csv;0.000016;100;99
data-set/100-numbers-75-ordered-descending.txt.csv;0.000048;100;4950
data-set/100-numbers-75-unordered.txt.csv;0.000040;100;2492
data-set/100-numbers-76-ordered-ascending.txt.csv;0.000016;100;99
data-set/100-numbers-76-ordered-descending.txt.csv;0.000046;100;4950
data-set/100-numbers-76-unordered.txt.csv;0.000040;100;2475
data-set/100-numbers-77-ordered-ascending.txt.csv;0.000019;100;99
data-set/100-numbers-77-ordered-descending.txt.csv;0.000045;100;4949
data-set/100-numbers-77-unordered.txt.csv;0.000040;100;2284
data-set/100-numbers-78-ordered-ascending.txt.csv;0.000016;100;99
data-set/100-numbers-78-ordered-descending.txt.csv;0.000033;100;4950
data-set/100-numbers-78-unordered.txt.csv;0.000041;100;2577
data-set/100-numbers-79-ordered-ascending.txt.csv;0.000020;100;99
data-set/100-numbers-79-ordered-descending.txt.csv;0.000046;100;4949
data-set/100-numbers-79-unordered.txt.csv;0.000030;100;2594
data-set/100-numbers-8-ordered-ascending.txt.csv;0.000021;100;99
data-set/100-numbers-8-ordered-descending.txt.csv;0.000034;100;4950
data-set/100-numbers-8-unordered.txt.csv;0.000033;100;2635
data-set/100-numbers-80-ordered-ascending.txt.csv;0.000023;100;99
data-set/100-numbers-80-ordered-descending.txt.csv;0.000058;100;4950
data-set/100-numbers-80-unordered.txt.csv;0.000030;100;2507
data-set/100-numbers-81-ordered-ascending.txt.csv;0.000019;100;99
data-set/100-numbers-81-ordered-descending.txt.csv;0.000035;100;4950
data-set/100-numbers-81-unordered.txt.csv;0.000043;100;2339
data-set/100-numbers-82-ordered-ascending.txt.csv;0.000020;100;99
data-set/100-numbers-82-ordered-descending.txt.csv;0.000045;100;4950
data-set/100-numbers-82-unordered.txt.csv;0.000040;100;2649
data-set/100-numbers-83-ordered-ascending.txt.csv;0.000018;100;98
data-set/100-numbers-83-ordered-descending.txt.csv;0.000045;100;4949
data-set/100-numbers-83-unordered.txt.csv;0.000033;100;2529
data-set/100-numbers-84-ordered-ascending.txt.csv;0.000024;100;99
data-set/100-numbers-84-ordered-descending.txt.csv;0.000043;100;4950
data-set/100-numbers-84-unordered.txt.csv;0.000032;100;2333
data-set/100-numbers-85-ordered-ascending.txt.csv;0.000023;100;99
data-set/100-numbers-85-ordered-descending.txt.csv;0.000047;100;4950
data-set/100-numbers-85-unordered.txt.csv;0.000033;100;2652
data-set/100-numbers-86-ordered-ascending.txt.csv;0.000022;100;99
data-set/100-numbers-86-ordered-descending.txt.csv;0.000034;100;4950
data-set/100-numbers-86-unordered.txt.csv;0.000031;100;2552
data-set/100-numbers-87-ordered-ascending.txt.csv;0.000021;100;99
data-set/100-numbers-87-ordered-descending.txt.csv;0.000041;100;4950
data-set/100-numbers-87-unordered.txt.csv;0.000039;100;2521
data-set/100-numbers-88-ordered-ascending.txt.csv;0.000023;100;99
data-set/100-numbers-88-ordered-descending.txt.csv;0.000051;100;4950
data-set/100-numbers-88-unordered.txt.csv;0.000041;100;2826
data-set/100-numbers-89-ordered-ascending.txt.csv;0.000022;100;99
data-set/100-numbers-89-ordered-descending.txt.csv;0.000033;100;4950
data-set/100-numbers-89-unordered.txt.csv;0.000042;100;2536
data-set/100-numbers-9-ordered-ascending.txt.csv;0.000016;100;99
data-set/100-numbers-9-ordered-descending.txt.csv;0.000043;100;4950
data-set/100-numbers-9-unordered.txt.csv;0.000041;100;2400
data-set/100-numbers-90-ordered-ascending.txt.csv;0.000020;100;99
data-set/100-numbers-90-ordered-descending.txt.csv;0.000047;100;4949
data-set/100-numbers-90-unordered.txt.csv;0.000049;100;2401
data-set/100-numbers-91-ordered-ascending.txt.csv;0.000021;100;99
data-set/100-numbers-91-ordered-descending.txt.csv;0.000045;100;4950
data-set/100-numbers-91-unordered.txt.csv;0.000045;100;2453
data-set/100-numbers-92-ordered-ascending.txt.csv;0.000027;100;99
data-set/100-numbers-92-ordered-descending.txt.csv;0.000069;100;4950
data-set/100-numbers-92-unordered.txt.csv;0.000032;100;2490
data-set/100-numbers-93-ordered-ascending.txt.csv;0.000015;100;99
data-set/100-numbers-93-ordered-descending.txt.csv;0.000034;100;4950
data-set/100-numbers-93-unordered.txt.csv;0.000034;100;2564
data-set/100-numbers-94-ordered-ascending.txt.csv;0.000016;100;99
data-set/100-numbers-94-ordered-descending.txt.csv;0.000045;100;4950
data-set/100-numbers-94-unordered.txt.csv;0.000058;100;2465
data-set/100-numbers-95-ordered-ascending.txt.csv;0.000015;100;99
data-set/100-numbers-95-ordered-descending.txt.csv;0.000035;100;4950
data-set/100-numbers-95-unordered.txt.csv;0.000040;100;2369
data-set/100-numbers-96-ordered-ascending.txt.csv;0.000028;100;99
data-set/100-numbers-96-ordered-descending.txt.csv;0.000046;100;4950
data-set/100-numbers-96-unordered.txt.csv;0.000032;100;2679
data-set/100-numbers-97-ordered-ascending.txt.csv;0.000015;100;99
data-set/100-numbers-97-ordered-descending.txt.csv;0.000051;100;4950
data-set/100-numbers-97-unordered.txt.csv;0.000041;100;2576
data-set/100-numbers-98-ordered-ascending.txt.csv;0.000014;100;99
data-set/100-numbers-98-ordered-descending.txt.csv;0.000049;100;4950
data-set/100-numbers-98-unordered.txt.csv;0.000042;100;2539
data-set/100-numbers-99-ordered-ascending.txt.csv;0.000019;100;99
data-set/100-numbers-99-ordered-descending.txt.csv;0.000050;100;4950
data-set/100-numbers-99-unordered.txt.csv;0.000032;100;2562
data-set/1000-numbers-0-ordered-ascending.txt.csv;0.001186;1000;999
data-set/1000-numbers-0-ordered-descending.txt.csv;0.003200;1000;499481
data-set/1000-numbers-0-unordered.txt.csv;0.002352;1000;239640
data-set/1000-numbers-1-ordered-ascending.txt.csv;0.001439;1000;999
data-set/1000-numbers-1-ordered-descending.txt.csv;0.003132;1000;499479
data-set/1000-numbers-1-unordered.txt.csv;0.002340;1000;254474
data-set/1000-numbers-10-ordered-ascending.txt.csv;0.001113;1000;999
data-set/1000-numbers-10-ordered-descending.txt.csv;0.003608;1000;499484
data-set/1000-numbers-10-unordered.txt.csv;0.003037;1000;240116
data-set/1000-numbers-11-ordered-ascending.txt.csv;0.001232;1000;999
data-set/1000-numbers-11-ordered-descending.txt.csv;0.002886;1000;499488
data-set/1000-numbers-11-unordered.txt.csv;0.002683;1000;252665
data-set/1000-numbers-12-ordered-ascending.txt.csv;0.001198;1000;999
data-set/1000-numbers-12-ordered-descending.txt.csv;0.002854;1000;499490
data-set/1000-numbers-12-unordered.txt.csv;0.002330;1000;251345
data-set/1000-numbers-13-ordered-ascending.txt.csv;0.001465;1000;999
data-set/1000-numbers-13-ordered-descending.txt.csv;0.003211;1000;499482
data-set/1000-numbers-13-unordered.txt.csv;0.002682;1000;240593
data-set/1000-numbers-14-ordered-ascending.txt.csv;0.001400;1000;999
data-set/1000-numbers-14-ordered-descending.txt.csv;0.002901;1000;499478
data-set/1000-numbers-14-unordered.txt.csv;0.003024;1000;249555
data-set/1000-numbers-15-ordered-ascending.txt.csv;0.001197;1000;999
data-set/1000-numbers-15-ordered-descending.txt.csv;0.003063;1000;499483
data-set/1000-numbers-15-unordered.txt.csv;0.002484;1000;264678
data-set/1000-numbers-16-ordered-ascending.txt.csv;0.001073;1000;999
data-set/1000-numbers-16-ordered-descending.txt.csv;0.002838;1000;499486
data-set/1000-numbers-16-unordered.txt.csv;0.002519;1000;250523
data-set/1000-numbers-17-ordered-ascending.txt.csv;0.001141;1000;999
data-set/1000-numbers-17-ordered-descending.txt.csv;0.003299;1000;499484
data-set/1000-numbers-17-unordered.txt.csv;0.002471;1000;246366
data-set/1000-numbers-18-ordered-ascending.txt.csv;0.001579;1000;999
data-set/1000-numbers-18-ordered-descending.txt.csv;0.003049;1000;499486
data-set/1000-numbers-18-unordered.txt.csv;0.002447;1000;246523
data-set/1000-numbers-19-ordered-ascending.txt.csv;0.001363;1000;999
data-set/1000-numbers-19-ordered-descending.txt.csv;0.003190;1000;499484
data-set/1000-numbers-19-unordered.txt.csv;0.002728;1000;249396
data-set/1000-numbers-2-ordered-ascending.txt.csv;0.001222;1000;999
data-set/1000-numbers-2-ordered-descending.txt.csv;0.003578;1000;499487
data-set/1000-numbers-2-unordered.txt.csv;0.002734;1000;243765
data-set/1000-numbers-20-ordered-ascending.txt.csv;0.001422;1000;999
data-set/1000-numbers-20-ordered-descending.txt.csv;0.003256;1000;499485
data-set/1000-numbers-20-unordered.txt.csv;0.003097;1000;253119
data-set/1000-numbers-21-ordered-ascending.txt.csv;0.001411;1000;999
data-set/1000-numbers-21-ordered-descending.txt.csv;0.003403;1000;499486
data-set/1000-numbers-21-unordered.txt.csv;0.002388;1000;245903
data-set/1000-numbers-22-ordered-ascending.txt.csv;0.001050;1000;999
data-set/1000-numbers-22-ordered-descending.txt.csv;0.002978;1000;499481
data-set/1000-numbers-22-unordered.txt.csv;0.002663;1000;244681
data-set/1000-numbers-23-ordered-ascending.txt.csv;0.001050;1000;998
data-set/1000-numbers-23-ordered-descending.txt.csv;0.002921;1000;499488
data-set/1000-numbers-23-unordered.txt.csv;0.002459;1000;259400
data-set/1000-numbers-24-ordered-ascending.txt.csv;0.001071;1000;999
data-set/1000-numbers-24-ordered-descending.txt.csv;0.003232;1000;499490
data-set/1000-numbers-24-unordered.txt.csv;0.002405;1000;256519
data-set/1000-numbers-25-ordered-ascending.txt.csv;0.001386;1000;999
data-set/1000-numbers-25-ordered-descending.txt.csv;0.003583;1000;499489
data-set/1000-numbers-25-unordered.txt.csv;0.002735;1000;241755
data-set/1000-numbers-26-ordered-ascending.txt.csv;0.001318;1000;999
data-set/1000-numbers-26-ordered-descending.txt.csv;0.003544;1000;499486
data-set/1000-numbers-26-unordered.txt.csv;0.002412;1000;244981
data-set/1000-numbers-27-ordered-ascending.txt.csv;0.001193;1000;999
data-set/1000-numbers-27-ordered-descending.txt.csv;0.003443;1000;499483
data-set/1000-numbers-27-unordered.txt.csv;0.003003;1000;257802
data-set/1000-numbers-28-ordered-ascending.txt.csv;0.001248;1000;999
data-set/1000-numbers-28-ordered-descending.txt.csv;0.003682;1000;499484
data-set/1000-numbers-28-unordered.txt.csv;0.002637;1000;252439
data-set/1000-numbers-29-ordered-ascending.txt.csv;0.001097;1000;999
data-set/1000-numbers-29-ordered-descending.txt.csv;0.003431;1000;499486
data-set/1000-numbers-29-unordered.txt.csv;0.002904;1000;251053
data-set/1000-numbers-3-ordered-ascending.txt.csv;0.001278;1000;999
data-set/1000-numbers-3-ordered-descending.txt.csv;0.002824;1000;499489
data-set/1000-numbers-3-unordered.txt.csv;0.003179;1000;246501
data-set/1000-numbers-30-ordered-ascending.txt.csv;0.001391;1000;999
data-set/1000-numbers-30-ordered-descending.txt.csv;0.003954;1000;499481
data-set/1000-numbers-30-unordered.txt.csv;0.003138;1000;252071
data-set/1000-numbers-31-ordered-ascending.txt.csv;0.001106;1000;999
data-set/1000-numbers-31-ordered-descending.txt.csv;0.003026;1000;499474
data-set/1000-numbers-31-unordered.txt.csv;0.002998;1000;249022
data-set/1000-numbers-32-ordered-ascending.txt.csv;0.001396;1000;998
data-set/1000-numbers-32-ordered-descending.txt.csv;0.004047;1000;499483
data-set/1000-numbers-32-unordered.txt.csv;0.002644;1000;243924
data-set/1000-numbers-33-ordered-ascending.txt.csv;0.001118;1000;999
data-set/1000-numbers-33-ordered-descending.txt.csv;0.003750;1000;499482
data-set/1000-numbers-33-unordered.txt.csv;0.002447;1000;239077
data-set/1000-numbers-34-ordered-ascending.txt.csv;0.001334;1000;999
data-set/1000-numbers-34-ordered-descending.txt.csv;0.003852;1000;499482
data-set/1000-numbers-34-unordered.txt.csv;0.003141;1000;246817
data-set/1000-numbers-35-ordered-ascending.txt.csv;0.001281;1000;999
data-set/1000-numbers-35-ordered-descending.txt.csv;0.004217;1000;499483
data-set/1000-numbers-35-unordered.txt.csv;0.002731;1000;251883
data-set/1000-numbers-36-ordered-ascending.txt.csv;0.001495;1000;999
data-set/1000-numbers-36-ordered-descending.txt.csv;0.003585;1000;499487
data-set/1000-numbers-36-unordered.txt.csv;0.002562;1000;245381
data-set/1000-numbers-37-ordered-ascending.txt.csv;0.001309;1000;999
data-set/1000-numbers-37-ordered-descending.txt.csv;0.003353;1000;499486
data-set/1000-numbers-37-unordered.txt.csv;0.002776;1000;257382
data-set/1000-numbers-38-ordered-ascending.txt.csv;0.001255;1000;999
data-set/1000-numbers-38-ordered-descending.txt.csv;0.003669;1000;499483
data-set/1000-numbers-38-unordered.txt.csv;0.002816;1000;260238
data-set/1000-numbers-39-ordered-ascending.txt.csv;0.001418;1000;999
data-set/1000-numbers-39-ordered-descending.txt.csv;0.003036;1000;499489
data-set/1000-numbers-39-unordered.txt.csv;0.003234;1000;248445
data-set/1000-numbers-4-ordered-ascending.txt.csv;0.001116;1000;999
data-set/1000-numbers-4-ordered-descending.txt.csv;0.002892;1000;499490
data-set/1000-numbers-4-unordered.txt.csv;0.002456;1000;253244
data-set/1000-numbers-40-ordered-ascending.txt.csv;0.001483;1000;999
data-set/1000-numbers-40-ordered-descending.txt.csv;0.003296;1000;499482
data-set/1000-numbers-40-unordered.txt.csv;0.002815;1000;252404
data-set/1000-numbers-41-ordered-ascending.txt.csv;0.001245;1000;999
data-set/1000-numbers-41-ordered-descending.txt.csv;0.003531;1000;499482
data-set/1000-numbers-41-unordered.txt.csv;0.002638;1000;257347
data-set/1000-numbers-42-ordered-ascending.txt.csv;0.001244;1000;999
data-set/1000-numbers-42-ordered-descending.txt.csv;0.003389;1000;499483
data-set/1000-numbers-42-unordered.txt.csv;0.003048;1000;246669
data-set/1000-numbers-43-ordered-ascending.txt.csv;0.001358;1000;999
data-set/1000-numbers-43-ordered-descending.txt.csv;0.004076;1000;499488
data-set/1000-numbers-43-unordered.txt.csv;0.003059;1000;268554
data-set/1000-numbers-44-ordered-ascending.txt.csv;0.001336;1000;999
data-set/1000-numbers-44-ordered-descending.txt.csv;0.003378;1000;499481
data-set/1000-numbers-44-unordered.txt.csv;0.002746;1000;248919
data-set/1000-numbers-45-ordered-ascending.txt.csv;0.001228;1000;999
data-set/1000-numbers-45-ordered-descending.txt.csv;0.003641;1000;499482
data-set/1000-numbers-45-unordered.txt.csv;0.002627;1000;253728
data-set/1000-numbers-46-ordered-ascending.txt.csv;0.001062;1000;998
data-set/1000-numbers-46-ordered-descending.txt.csv;0.002974;1000;499476
data-set/1000-numbers-46-unordered.txt.csv;0.002902;1000;244012
data-set/1000-numbers-47-ordered-ascending.txt.csv;0.001289;1000;999
data-set/1000-numbers-47-ordered-descending.txt.csv;0.003414;1000;499479
data-set/1000-numbers-47-unordered.txt.csv;0.002874;1000;248119
data-set/1000-numbers-48-ordered-ascending.txt.csv;0.001424;1000;999
data-set/1000-numbers-48-ordered-descending.txt.csv;0.003116;1000;499486
data-set/1000-numbers-48-unordered.txt.csv;0.002551;1000;259667
data-set/1000-numbers-49-ordered-ascending.txt.csv;0.001635;1000;999
data-set/1000-numbers-49-ordered-descending.txt.csv;0.003944;1000;499487
data-set/1000-numbers-49-unordered.txt.csv;0.002814;1000;251676
data-set/1000-numbers-5-ordered-ascending.txt.csv;0.001395;1000;999
data-set/1000-numbers-5-ordered-descending.txt.csv;0.003635;1000;499491
data-set/1000-numbers-5-unordered.txt.csv;0.003096;1000;252642
data-set/1000-numbers-50-ordered-ascending.txt.csv;0.001162;1000;999
data-set/1000-numbers-50-ordered-descending.txt.csv;0.003516;1000;499484
data-set/1000-numbers-50-unordered.txt.csv;0.002804;1000;242315
data-set/1000-numbers-51-ordered-ascending.txt.csv;0.001201;1000;999
data-set/1000-numbers-51-ordered-descending.txt.csv;0.003697;1000;499485
data-set/1000-numbers-51-unordered.txt.csv;0.003009;1000;250038
data-set/1000-numbers-52-ordered-ascending.txt.csv;0.001202;1000;999
data-set/1000-numbers-52-ordered-descending.txt.csv;0.003507;1000;499484
data-set/1000-numbers-52-unordered.txt.csv;0.003163;1000;248041
data-set/1000-numbers-53-ordered-ascending.txt.csv;0.001193;1000;999
data-set/1000-numbers-53-ordered-descending.txt.csv;0.002891;1000;499486
data-set/1000-numbers-53-unordered.txt.csv;0.002903;1000;252477
data-set/1000-numbers-54-ordered-ascending.txt.csv;0.001449;1000;999
data-set/1000-numbers-54-ordered-descending.txt.csv;0.003115;1000;499488
data-set/1000-numbers-54-unordered.txt.csv;0.002993;1000;246635
data-set/1000-numbers-55-ordered-ascending.txt.csv;0.001392;1000;999
data-set/1000-numbers-55-ordered-descending.txt.csv;0.003890;1000;499481
data-set/1000-numbers-55-unordered.txt.csv;0.002805;1000;251956
data-set/1000-numbers-56-ordered-ascending.txt.csv;0.001195;1000;999
data-set/1000-numbers-56-ordered-descending.txt.csv;0.003755;1000;499488
data-set/1000-numbers-56-unordered.txt.csv;0.003026;1000;251684
data-set/1000-numbers-57-ordered-ascending.txt.csv;0.001175;1000;999
data-set/1000-numbers-57-ordered-descending.txt.csv;0.004343;1000;499489
data-set/1000-numbers-57-unordered.txt.csv;0.003146;1000;258739
data-set/1000-numbers-58-ordered-ascending.txt.csv;0.001326;1000;998
data-set/1000-numbers-58-ordered-descending.txt.csv;0.003960;1000;499488
data-set/1000-numbers-58-unordered.txt.csv;0.003089;1000;259439
data-set/1000-numbers-59-ordered-ascending.txt.csv;0.001349;1000;999
data-set/1000-numbers-59-ordered-descending.txt.csv;0.004046;1000;499483
data-set/1000-numbers-59-unordered.txt.csv;0.003050;1000;252216
data-set/1000-numbers-6-ordered-ascending.txt.csv;0.001194;1000;999
data-set/1000-numbers-6-ordered-descending.txt.csv;0.004267;1000;499489
data-set/1000-numbers-6-unordered.txt.csv;0.003049;1000;252433
data-set/1000-numbers-60-ordered-ascending.txt.csv;0.001154;1000;999
data-set/1000-numbers-60-ordered-descending.txt.csv;0.003600;1000;499484
data-set/1000-numbers-60-unordered.txt.csv;0.003168;1000;254742
data-set/1000-numbers-61-ordered-ascending.txt.csv;0.001416;1000;999
data-set/1000-numbers-61-ordered-descending.txt.csv;0.003994;1000;499487
data-set/1000-numbers-61-unordered.txt.csv;0.002845;1000;243240
data-set/1000-numbers-62-ordered-ascending.txt.csv;0.001333;1000;999
data-set/1000-numbers-62-ordered-descending.txt.csv;0.003680;1000;499483
data-set/1000-numbers-62-unordered.txt.csv;0.002654;1000;251704
data-set/1000-numbers-63-ordered-ascending.txt.csv;0.001102;1000;999
data-set/1000-numbers-63-ordered-descending.txt.csv;0.003838;1000;499484
data-set/1000-numbers-63-unordered.txt.csv;0.003076;1000;248133
data-set/1000-numbers-64-ordered-ascending.txt.csv;0.001422;1000;999
data-set/1000-numbers-64-ordered-descending.txt.csv;0.003295;1000;499481
data-set/1000-numbers-64-unordered.txt.csv;0.002995;1000;243590
data-set/1000-numbers-65-ordered-ascending.txt.csv;0.001152;1000;999
data-set/1000-numbers-65-ordered-descending.txt.csv;0.003082;1000;499488
data-set/1000-numbers-65-unordered.txt.csv;0.002598;1000;239407
data-set/1000-numbers-66-ordered-ascending.txt.csv;0.001319;1000;999
data-set/1000-numbers-66-ordered-descending.txt.csv;0.003534;1000;499487
data-set/1000-numbers-66-unordered.txt.csv;0.002635;1000;249863
data-set/1000-numbers-67-ordered-ascending.txt.csv;0.001139;1000;999
data-set/1000-numbers-67-ordered-descending.txt.csv;0.003110;1000;499489
data-set/1000-numbers-67-unordered.txt.csv;0.002464;1000;247132
data-set/1000-numbers-68-ordered-ascending.txt.csv;0.001280;1000;999
data-set/1000-numbers-68-ordered-descending.txt.csv;0.003269;1000;499483
data-set/1000-numbers-68-unordered.txt.csv;0.002525;1000;250266
data-set/1000-numbers-69-ordered-ascending.txt.csv;0.001358;1000;999
data-set/1000-numbers-69-ordered-descending.txt.csv;0.003532;1000;499488
data-set/1000-numbers-69-unordered.txt.csv;0.002697;1000;249898
data-set/1000-numbers-7-ordered-ascending.txt.csv;0.001275;1000;999
data-set/1000-numbers-7-ordered-descending.txt.csv;0.003860;1000;499484
data-set/1000-numbers-7-unordered.txt.csv;0.002914;1000;245931
data-set/1000-numbers-70-ordered-ascending.txt.csv;0.001404;1000;999
data-set/1000-numbers-70-ordered-descending.txt.csv;0.003158;1000;499482
data-set/1000-numbers-70-unordered.txt.csv;0.002417;1000;249612
data-set/1000-numbers-71-ordered-ascending.txt.csv;0.001242;1000;999
data-set/1000-numbers-71-ordered-descending.txt.csv;0.003102;1000;499482
data-set/1000-numbers-71-unordered.txt.csv;0.003044;1000;250463
data-set/1000-numbers-72-ordered-ascending.txt.csv;0.001427;1000;999
data-set/1000-numbers-72-ordered-descending.txt.csv;0.003808;1000;499481
data-set/1000-numbers-72-unordered.txt.csv;0.002422;1000;245497
data-set/1000-numbers-73-ordered-ascending.txt.csv;0.001111;1000;999
data-set/1000-numbers-73-ordered-descending.txt.csv;0.003917;1000;499486
data-set/1000-numbers-73-unordered.txt.csv;0.002627;1000;248981
data-set/1000-numbers-74-ordered-ascending.txt.csv;0.001225;1000;999
data-set/1000-numbers-74-ordered-descending.txt.csv;0.003211;1000;499482
data-set/1000-numbers-74-unordered.txt.csv;0.003278;1000;255802
data-set/1000-numbers-75-ordered-ascending.txt.csv;0.001196;1000;999
data-set/1000-numbers-75-ordered-descending.txt.csv;0.003164;1000;499491
data-set/1000-numbers-75-unordered.txt.csv;0.002567;1000;249618
data-set/1000-numbers-76-ordered-ascending.txt.csv;0.001098;1000;999
data-set/1000-numbers-76-ordered-descending.txt.csv;0.003672;1000;499487
data-set/1000-numbers-76-unordered.txt.csv;0.002557;1000;255377
data-set/1000-numbers-77-ordered-ascending.txt.csv;0.001215;1000;999
data-set/1000-numbers-77-ordered-descending.txt.csv;0.003644;1000;499481
data-set/1000-numbers-77-unordered.txt.csv;0.002597;1000;252452
data-set/1000-numbers-78-ordered-ascending.txt.csv;0.001188;1000;999
data-set/1000-numbers-78-ordered-descending.txt.csv;0.003218;1000;499484
data-set/1000-numbers-78-unordered.txt.csv;0.002668;1000;252007
data-set/1000-numbers-79-ordered-ascending.txt.csv;0.001346;1000;999
data-set/1000-numbers-79-ordered-descending.txt.csv;0.003775;1000;499489
data-set/1000-numbers-79-unordered.txt.csv;0.002436;1000;259117
data-set/1000-numbers-8-ordered-ascending.txt.csv;0.001365;1000;999
data-set/1000-numbers-8-ordered-descending.txt.csv;0.003988;1000;499483
data-set/1000-numbers-8-unordered.txt.csv;0.002522;1000;248678
data-set/1000-numbers-80-ordered-ascending.txt.csv;0.001314;1000;999
data-set/1000-numbers-80-ordered-descending.txt.csv;0.003867;1000;499485
data-set/1000-numbers-80-unordered.txt.csv;0.002957;1000;244068
data-set/1000-numbers-81-ordered-ascending.txt.csv;0.001222;1000;999
data-set/1000-numbers-81-ordered-descending.txt.csv;0.003726;1000;499487
data-set/1000-numbers-81-unordered.txt.csv;0.002802;1000;245792
data-set/1000-numbers-82-ordered-ascending.txt.csv;0.001296;1000;999
data-set/1000-numbers-82-ordered-descending.txt.csv;0.003614;1000;499491
data-set/1000-numbers-82-unordered.txt.csv;0.002728;1000;248289
data-set/1000-numbers-83-ordered-ascending.txt.csv;0.001251;1000;999
data-set/1000-numbers-83-ordered-descending.txt.csv;0.003300;1000;499486
data-set/1000-numbers-83-unordered.txt.csv;0.002656;1000;245449
data-set/1000-numbers-84-ordered-ascending.txt.csv;0.001303;1000;999
data-set/1000-numbers-84-ordered-descending.txt.csv;0.003102;1000;499487
data-set/1000-numbers-84-unordered.txt.csv;0.002885;1000;252409
data-set/1000-numbers-85-ordered-ascending.txt.csv;0.001155;1000;999
data-set/1000-numbers-85-ordered-descending.txt.csv;0.003077;1000;499483
data-set/1000-numbers-85-unordered.txt.csv;0.002746;1000;253022
data-set/1000-numbers-86-ordered-ascending.txt.csv;0.001457;1000;999
data-set/1000-numbers-86-ordered-descending.txt.csv;0.003442;1000;499480
data-set/1000-numbers-86-unordered.txt.csv;0.002773;1000;245649
data-set/1000-numbers-87-ordered-ascending.txt.csv;0.001326;1000;999
data-set/1000-numbers-87-ordered-descending.txt.csv;0.004337;1000;499478
data-set/1000-numbers-87-unordered.txt.csv;0.002348;1000;254451
data-set/1000-numbers-88-ordered-ascending.txt.csv;0.001070;1000;999
data-set/1000-numbers-88-ordered-descending.txt.csv;0.003220;1000;499486
data-set/1000-numbers-88-unordered.txt.csv;0.003170;1000;251458
data-set/1000-numbers-89-ordered-ascending.txt.csv;0.001061;1000;999
data-set/1000-numbers-89-ordered-descending.txt.csv;0.004043;1000;499485
data-set/1000-numbers-89-unordered.txt.csv;0.002532;1000;255770
data-set/1000-numbers-9-ordered-ascending.txt.csv;0.001255;1000;999
data-set/1000-numbers-9-ordered-descending.txt.csv;0.003069;1000;499479
data-set/1000-numbers-9-unordered.txt.csv;0.002987;1000;249017
data-set/1000-numbers-90-ordered-ascending.txt.csv;0.001202;1000;998
data-set/1000-numbers-90-ordered-descending.txt.csv;0.003781;1000;499489
data-set/1000-numbers-90-unordered.txt.csv;0.002541;1000;250482
data-set/1000-numbers-91-ordered-ascending.txt.csv;0.001167;1000;999
data-set/1000-numbers-91-ordered-descending.txt.csv;0.003676;1000;499487
data-set/1000-numbers-91-unordered.txt.csv;0.003272;1000;249389
data-set/1000-numbers-92-ordered-ascending.txt.csv;0.001437;1000;999
data-set/1000-numbers-92-ordered-descending.txt.csv;0.003133;1000;499481
data-set/1000-numbers-92-unordered.txt.csv;0.002433;1000;253237
data-set/1000-numbers-93-ordered-ascending.txt.csv;0.001436;1000;999
data-set/1000-numbers-93-ordered-descending.txt.csv;0.004572;1000;499493
data-set/1000-numbers-93-unordered.txt.csv;0.002733;1000;250813
data-set/1000-numbers-94-ordered-ascending.txt.csv;0.001278;1000;999
data-set/1000-numbers-94-ordered-descending.txt.csv;0.003852;1000;499491
data-set/1000-numbers-94-unordered.txt.csv;0.003023;1000;253179
data-set/1000-numbers-95-ordered-ascending.txt.csv;0.001213;1000;999
data-set/1000-numbers-95-ordered-descending.txt.csv;0.003294;1000;499486
data-set/1000-numbers-95-unordered.txt.csv;0.003061;1000;249057
data-set/1000-numbers-96-ordered-ascending.txt.csv;0.001328;1000;999
data-set/1000-numbers-96-ordered-descending.txt.csv;0.003593;1000;499490
data-set/1000-numbers-96-unordered.txt.csv;0.003001;1000;249040
data-set/1000-numbers-97-ordered-ascending.txt.csv;0.001435;1000;999
data-set/1000-numbers-97-ordered-descending.txt.csv;0.003968;1000;499491
data-set/1000-numbers-97-unordered.txt.csv;0.003104;1000;246780
data-set/1000-numbers-98-ordered-ascending.txt.csv;0.001331;1000;999
data-set/1000-numbers-98-ordered-descending.txt.csv;0.004015;1000;499486
data-set/1000-numbers-98-unordered.txt.csv;0.003115;1000;240436
data-set/1000-numbers-99-ordered-ascending.txt.csv;0.001423;1000;999
data-set/1000-numbers-99-ordered-descending.txt.csv;0.003972;1000;499483
data-set/1000-numbers-99-unordered.txt.csv;0.003160;1000;246118
data-set/10000-numbers-0-ordered-ascending.txt.csv;0.133722;10000;9999
data-set/10000-numbers-0-ordered-descending.txt.csv;0.350393;10000;49993433
data-set/10000-numbers-0-unordered.txt.csv;0.359706;10000;24994472
data-set/10000-numbers-1-ordered-ascending.txt.csv;0.119833;10000;9999
data-set/10000-numbers-1-ordered-descending.txt.csv;0.313632;10000;49993444
data-set/10000-numbers-1-unordered.txt.csv;0.333988;10000;25009384
data-set/10000-numbers-10-ordered-ascending.txt.csv;0.114219;10000;9998
data-set/10000-numbers-10-ordered-descending.txt.csv;0.309792;10000;49993481
data-set/10000-numbers-10-unordered.txt.csv;0.337456;10000;24893117
data-set/10000-numbers-11-ordered-ascending.txt.csv;0.118378;10000;9999
data-set/10000-numbers-11-ordered-descending.txt.csv;0.316599;10000;49993452
data-set/10000-numbers-11-unordered.txt.csv;0.346155;10000;24976317
data-set/10000-numbers-12-ordered-ascending.txt.csv;0.120972;10000;9999
data-set/10000-numbers-12-ordered-descending.txt.csv;0.328517;10000;49993545
data-set/10000-numbers-12-unordered.txt.csv;0.346915;10000;25344129
data-set/10000-numbers-13-ordered-ascending.txt.csv;0.121643;10000;9999
data-set/10000-numbers-13-ordered-descending.txt.csv;0.323116;10000;49993506
data-set/10000-numbers-13-unordered.txt.csv;0.341003;10000;25178423
data-set/10000-numbers-14-ordered-ascending.txt.csv;0.119741;10000;9998
data-set/10000-numbers-14-ordered-descending.txt.csv;0.321183;10000;49993463
data-set/10000-numbers-14-unordered.txt.csv;0.358371;10000;24917869
data-set/10000-numbers-15-ordered-ascending.txt.csv;0.125421;10000;9999
data-set/10000-numbers-15-ordered-descending.txt.csv;0.320938;10000;49993523
data-set/10000-numbers-15-unordered.txt.csv;0.343587;10000;25019998
data-set/10000-numbers-16-ordered-ascending.txt.csv;0.107728;10000;9998
data-set/10000-numbers-16-ordered-descending.txt.csv;0.327765;10000;49993476
data-set/10000-numbers-16-unordered.txt.csv;0.331418;10000;24797781
data-set/10000-numbers-17-ordered-ascending.txt.csv;0.120677;10000;9999
data-set/10000-numbers-17-ordered-descending.txt.csv;0.307186;10000;49993398
data-set/10000-numbers-17-unordered.txt.csv;0.339434;10000;25227347
data-set/10000-numbers-18-ordered-ascending.txt.csv;0.121850;10000;9999
data-set/10000-numbers-18-ordered-descending.txt.csv;0.339420;10000;49993601
data-set/10000-numbers-18-unordered.txt.csv;0.356753;10000;24813134
data-set/10000-numbers-19-ordered-ascending.txt.csv;0.122169;10000;9999
data-set/10000-numbers-19-ordered-descending.txt.csv;0.347152;10000;49993544
data-set/10000-numbers-19-unordered.txt.csv;0.358059;10000;24967395
data-set/10000-numbers-2-ordered-ascending.txt.csv;0.127195;10000;9999
data-set/10000-numbers-2-ordered-descending.txt.csv;0.323291;10000;49993464
data-set/10000-numbers-2-unordered.txt.csv;0.360458;10000;25041332
data-set/10000-numbers-20-ordered-ascending.txt.csv;0.121135;10000;9999
data-set/10000-numbers-20-ordered-descending.txt.csv;0.341409;10000;49993440
data-set/10000-numbers-20-unordered.txt.csv;0.334335;10000;24890619
data-set/10000-numbers-21-ordered-ascending.txt.csv;0.118873;10000;9999
data-set/10000-numbers-21-ordered-descending.txt.csv;0.317074;10000;49993431
data-set/10000-numbers-21-unordered.txt.csv;0.330417;10000;25037023
data-set/10000-numbers-22-ordered-ascending.txt.csv;0.129992;10000;9999
data-set/10000-numbers-22-ordered-descending.txt.csv;0.339539;10000;49993478
data-set/10000-numbers-22-unordered.txt.csv;0.369924;10000;25473911
data-set/10000-numbers-23-ordered-ascending.txt.csv;0.122906;10000;9999
data-set/10000-numbers-23-ordered-descending.txt.csv;0.346644;10000;49993499
data-set/10000-numbers-23-unordered.txt.csv;0.354968;10000;24959698
data-set/10000-numbers-24-ordered-ascending.txt.csv;0.122668;10000;9997
data-set/10000-numbers-24-ordered-descending.txt.csv;0.339863;10000;49993482
data-set/10000-numbers-24-unordered.txt.csv;0.359079;10000;25222188
data-set/10000-numbers-25-ordered-ascending.txt.csv;0.123244;10000;9997
data-set/10000-numbers-25-ordered-descending.txt.csv;0.329326;10000;49993444
data-set/10000-numbers-25-unordered.txt.csv;0.350893;10000;24837016
data-set/10000-numbers-26-ordered-ascending.txt.csv;0.126019;10000;9999
data-set/10000-numbers-26-ordered-descending.txt.csv;0.345270;10000;49993497
data-set/10000-numbers-26-unordered.txt.csv;0.348566;10000;25102970
data-set/10000-numbers-27-ordered-ascending.txt.csv;0.117767;10000;9998
data-set/10000-numbers-27-ordered-descending.txt.csv;0.321586;10000;49993412
data-set/10000-numbers-27-unordered.txt.csv;0.352622;10000;24922544
data-set/10000-numbers-28-ordered-ascending.txt.csv;0.120944;10000;9998
data-set/10000-numbers-28-ordered-descending.txt.csv;0.337647;10000;49993464
data-set/10000-numbers-28-unordered.txt.csv;0.357900;10000;25319477
data-set/10000-numbers-29-ordered-ascending.txt.csv;0.122002;10000;9998
data-set/10000-numbers-29-ordered-descending.txt.csv;0.341470;10000;49993509
data-set/10000-numbers-29-unordered.txt.csv;0.356436;10000;25107908
data-set/10000-numbers-3-ordered-ascending.txt.csv;0.123969;10000;9999
data-set/10000-numbers-3-ordered-descending.txt.csv;0.345821;10000;49993466
data-set/10000-numbers-3-unordered.txt.csv;0.365958;10000;25211956
data-set/10000-numbers-30-ordered-ascending.txt.csv;0.126515;10000;9999
data-set/10000-numbers-30-ordered-descending.txt.csv;0.343644;10000;49993450
data-set/10000-numbers-30-unordered.txt.csv;0.357839;10000;25138281
data-set/10000-numbers-31-ordered-ascending.txt.csv;0.122051;10000;9998
data-set/10000-numbers-31-ordered-descending.txt.csv;0.337817;10000;49993474
data-set/10000-numbers-31-unordered.txt.csv;0.337209;10000;25298224
data-set/10000-numbers-32-ordered-ascending.txt.csv;0.117950;10000;9999
data-set/10000-numbers-32-ordered-descending.txt.csv;0.312818;10000;49993515
data-set/10000-numbers-32-unordered.txt.csv;0.335890;10000;25129022
data-set/10000-numbers-33-ordered-ascending.txt.csv;0.127378;10000;9998
data-set/10000-numbers-33-ordered-descending.txt.csv;0.366697;10000;49993456
data-set/10000-numbers-33-unordered.txt.csv;0.374701;10000;24900133
data-set/10000-numbers-34-ordered-ascending.txt.csv;0.129585;10000;9999
data-set/10000-numbers-34-ordered-descending.txt.csv;0.360593;10000;49993443
data-set/10000-numbers-34-unordered.txt.csv;0.329449;10000;24905683
data-set/10000-numbers-35-ordered-ascending.txt.csv;0.152706;10000;9999
data-set/10000-numbers-35-ordered-descending.txt.csv;0.332466;10000;49993517
data-set/10000-numbers-35-unordered.txt.csv;0.377120;10000;25085854
data-set/10000-numbers-36-ordered-ascending.txt.csv;0.131118;10000;9999
data-set/10000-numbers-36-ordered-descending.txt.csv;0.365815;10000;49993527
data-set/10000-numbers-36-unordered.txt.csv;0.382592;10000;24932187
data-set/10000-numbers-37-ordered-ascending.txt.csv;0.136786;10000;9999
data-set/10000-numbers-37-ordered-descending.txt.csv;0.341175;10000;49993507
data-set/10000-numbers-37-unordered.txt.csv;0.338476;10000;24955600
data-set/10000-numbers-38-ordered-ascending.txt.csv;0.116451;10000;9999
data-set/10000-numbers-38-ordered-descending.txt.csv;0.341724;10000;49993498
data-set/10000-numbers-38-unordered.txt.csv;0.360027;10000;25308180
data-set/10000-numbers-39-ordered-ascending.txt.csv;0.149795;10000;9999
data-set/10000-numbers-39-ordered-descending.txt.csv;0.336733;10000;49993490
data-set/10000-numbers-39-unordered.txt.csv;0.378952;10000;25036479
data-set/10000-numbers-4-ordered-ascending.txt.csv;0.131789;10000;9999
data-set/10000-numbers-4-ordered-descending.txt.csv;0.355587;10000;49993461
data-set/10000-numbers-4-unordered.txt.csv;0.385950;10000;24888694
data-set/10000-numbers-40-ordered-ascending.txt.csv;0.133564;10000;9999
data-set/10000-numbers-40-ordered-descending.txt.csv;0.374247;10000;49993402
data-set/10000-numbers-40-unordered.txt.csv;0.382486;10000;25091198
data-set/10000-numbers-41-ordered-ascending.txt.csv;0.126487;10000;9997
data-set/10000-numbers-41-ordered-descending.txt.csv;0.336753;10000;49993505
data-set/10000-numbers-41-unordered.txt.csv;0.334700;10000;25088338
data-set/10000-numbers-42-ordered-ascending.txt.csv;0.110031;10000;9999
data-set/10000-numbers-42-ordered-descending.txt.csv;0.307338;10000;49993472
data-set/10000-numbers-42-unordered.txt.csv;0.352269;10000;24979780
data-set/10000-numbers-43-ordered-ascending.txt.csv;0.113094;10000;9999
data-set/10000-numbers-43-ordered-descending.txt.csv;0.316405;10000;49993526
data-set/10000-numbers-43-unordered.txt.csv;0.330250;10000;25028953
data-set/10000-numbers-44-ordered-ascending.txt.csv;0.111719;10000;9999
data-set/10000-numbers-44-ordered-descending.txt.csv;0.367162;10000;49993500
data-set/10000-numbers-44-unordered.txt.csv;0.369580;10000;25180142
data-set/10000-numbers-45-ordered-ascending.txt.csv;0.142409;10000;9999
data-set/10000-numbers-45-ordered-descending.txt.csv;0.339415;10000;49993505
data-set/10000-numbers-45-unordered.txt.csv;0.386837;10000;25161980
data-set/10000-numbers-46-ordered-ascending.txt.csv;0.140182;10000;9999
data-set/10000-numbers-46-ordered-descending.txt.csv;0.354241;10000;49993440
data-set/10000-numbers-46-unordered.txt.csv;0.385648;10000;24985481
data-set/10000-numbers-47-ordered-ascending.txt.csv;0.129406;10000;9999
data-set/10000-numbers-47-ordered-descending.txt.csv;0.367422;10000;49993405
data-set/10000-numbers-47-unordered.txt.csv;0.359773;10000;24669813
data-set/10000-numbers-48-ordered-ascending.txt.csv;0.117939;10000;9998
data-set/10000-numbers-48-ordered-descending.txt.csv;0.327456;10000;49993467
data-set/10000-numbers-48-unordered.txt.csv;0.325019;10000;24848278
data-set/10000-numbers-49-ordered-ascending.txt.csv;0.115642;10000;9998
data-set/10000-numbers-49-ordered-descending.txt.csv;0.308383;10000;49993457
data-set/10000-numbers-49-unordered.txt.csv;0.340262;10000;24962854
data-set/10000-numbers-5-ordered-ascending.txt.csv;0.111116;10000;9999
data-set/10000-numbers-5-ordered-descending.txt.csv;0.319118;10000;49993443
data-set/10000-numbers-5-unordered.txt.csv;0.325119;10000;24923315
data-set/10000-numbers-50-ordered-ascending.txt.csv;0.116173;10000;9999
data-set/10000-numbers-50-ordered-descending.txt.csv;0.317791;10000;49993450
data-set/10000-numbers-50-unordered.txt.csv;0.331591;10000;25198160
data-set/10000-numbers-51-ordered-ascending.txt.csv;0.111849;10000;9999
data-set/10000-numbers-51-ordered-descending.txt.csv;0.312873;10000;49993526
data-set/10000-numbers-51-unordered.txt.csv;0.330388;10000;25074647
data-set/10000-numbers-52-ordered-ascending.txt.csv;0.109764;10000;9999
data-set/10000-numbers-52-ordered-descending.txt.csv;0.327313;10000;49993416
data-set/10000-numbers-52-unordered.txt.csv;0.321328;10000;25122179
data-set/10000-numbers-53-ordered-ascending.txt.csv;0.133247;10000;9999
data-set/10000-numbers-53-ordered-descending.txt.csv;0.303375;10000;49993487
data-set/10000-numbers-53-unordered.txt.csv;0.343695;10000;24994416
data-set/10000-numbers-54-ordered-ascending.txt.csv;0.107663;10000;9999
data-set/10000-numbers-54-ordered-descending.txt.csv;0.311626;10000;49993497
data-set/10000-numbers-54-unordered.txt.csv;0.319571;10000;25035274
data-set/10000-numbers-55-ordered-ascending.txt.csv;0.113326;10000;9999
data-set/10000-numbers-55-ordered-descending.txt.csv;0.293581;10000;49993549
data-set/10000-numbers-55-unordered.txt.csv;0.336094;10000;25126027
data-set/10000-numbers-56-ordered-ascending.txt.csv;0.111008;10000;9999
data-set/10000-numbers-56-ordered-descending.txt.csv;0.310411;10000;49993415
data-set/10000-numbers-56-unordered.txt.csv;0.327495;10000;25031172
data-set/10000-numbers-57-ordered-ascending.txt.csv;0.116668;10000;9999
data-set/10000-numbers-57-ordered-descending.txt.csv;0.299897;10000;49993482
data-set/10000-numbers-57-unordered.txt.csv;0.331709;10000;24702834
data-set/10000-numbers-58-ordered-ascending.txt.csv;0.108217;10000;9999
data-set/10000-numbers-58-ordered-descending.txt.csv;0.319069;10000;49993515
data-set/10000-numbers-58-unordered.txt.csv;0.350271;10000;25235199
data-set/10000-numbers-59-ordered-ascending.txt.csv;0.111785;10000;9999
data-set/10000-numbers-59-ordered-descending.txt.csv;0.313804;10000;49993431
data-set/10000-numbers-59-unordered.txt.csv;0.320250;10000;25098587
data-set/10000-numbers-6-ordered-ascending.txt.csv;0.123719;10000;9997
data-set/10000-numbers-6-ordered-descending.txt.csv;0.305201;10000;49993545
data-set/10000-numbers-6-unordered.txt.csv;0.329469;10000;24905070
data-set/10000-numbers-60-ordered-ascending.txt.csv;0.110880;10000;9999
data-set/10000-numbers-60-ordered-descending.txt.csv;0.301183;10000;49993462
data-set/10000-numbers-60-unordered.txt.csv;0.313542;10000;24938056
data-set/10000-numbers-61-ordered-ascending.txt.csv;0.116776;10000;9999
data-set/10000-numbers-61-ordered-descending.txt.csv;0.295537;10000;49993490
data-set/10000-numbers-61-unordered.txt.csv;0.326603;10000;24939317
data-set/10000-numbers-62-ordered-ascending.txt.csv;0.110885;10000;9999
data-set/10000-numbers-62-ordered-descending.txt.csv;0.300879;10000;49993482
data-set/10000-numbers-62-unordered.txt.csv;0.324823;10000;24918654
data-set/10000-numbers-63-ordered-ascending.txt.csv;0.123513;10000;9999
data-set/10000-numbers-63-ordered-descending.txt.csv;0.299693;10000;49993479
data-set/10000-numbers-63-unordered.txt.csv;0.339964;10000;24823576
data-set/10000-numbers-64-ordered-ascending.txt.csv;0.113317;10000;9999
data-set/10000-numbers-64-ordered-descending.txt.csv;0.300290;10000;49993432
data-set/10000-numbers-64-unordered.txt.csv;0.327975;10000;24986496
data-set/10000-numbers-65-ordered-ascending.txt.csv;0.111199;10000;9998
data-set/10000-numbers-65-ordered-descending.txt.csv;0.292139;10000;49993543
data-set/10000-numbers-65-unordered.txt.csv;0.322004;10000;25216578
data-set/10000-numbers-66-ordered-ascending.txt.csv;0.109163;10000;9999
data-set/10000-numbers-66-ordered-descending.txt.csv;0.310177;10000;49993541
data-set/10000-numbers-66-unordered.txt.csv;0.319632;10000;25279714
data-set/10000-numbers-67-ordered-ascending.txt.csv;0.112771;10000;9999
data-set/10000-numbers-67-ordered-descending.txt.csv;0.289138;10000;49993491
data-set/10000-numbers-67-unordered.txt.csv;0.334574;10000;25218410
data-set/10000-numbers-68-ordered-ascending.txt.csv;0.112512;10000;9998
data-set/10000-numbers-68-ordered-descending.txt.csv;0.315855;10000;49993543
data-set/10000-numbers-68-unordered.txt.csv;0.323211;10000;24964192
data-set/10000-numbers-69-ordered-ascending.txt.csv;0.124582;10000;9998
data-set/10000-numbers-69-ordered-descending.txt.csv;0.296834;10000;49993447
data-set/10000-numbers-69-unordered.txt.csv;0.346561;10000;25069025
data-set/10000-numbers-7-ordered-ascending.txt.csv;0.124980;10000;9998
data-set/10000-numbers-7-ordered-descending.txt.csv;0.315932;10000;49993456
data-set/10000-numbers-7-unordered.txt.csv;0.334051;10000;25068727
data-set/10000-numbers-70-ordered-ascending.txt.csv;0.119343;10000;9999
data-set/10000-numbers-70-ordered-descending.txt.csv;0.301246;10000;49993480
data-set/10000-numbers-70-unordered.txt.csv;0.351385;10000;25113780
data-set/10000-numbers-71-ordered-ascending.txt.csv;0.122417;10000;9999
data-set/10000-numbers-71-ordered-descending.txt.csv;0.312798;10000;49993503
data-set/10000-numbers-71-unordered.txt.csv;0.334158;10000;24936155
data-set/10000-numbers-72-ordered-ascending.txt.csv;0.134977;10000;9999
data-set/10000-numbers-72-ordered-descending.txt.csv;0.342027;10000;49993475
data-set/10000-numbers-72-unordered.txt.csv;0.337659;10000;25054340
data-set/10000-numbers-73-ordered-ascending.txt.csv;0.122208;10000;9999
data-set/10000-numbers-73-ordered-descending.txt.csv;0.299072;10000;49993524
data-set/10000-numbers-73-unordered.txt.csv;0.331734;10000;25189487
data-set/10000-numbers-74-ordered-ascending.txt.csv;0.109303;10000;9998
data-set/10000-numbers-74-ordered-descending.txt.csv;0.310575;10000;49993477
data-set/10000-numbers-74-unordered.txt.csv;0.325617;10000;25158737
data-set/10000-numbers-75-ordered-ascending.txt.csv;0.130762;10000;9999
data-set/10000-numbers-75-ordered-descending.txt.csv;0.342151;10000;49993494
data-set/10000-numbers-75-unordered.txt.csv;0.333666;10000;24764232
data-set/10000-numbers-76-ordered-ascending.txt.csv;0.113662;10000;9998
data-set/10000-numbers-76-ordered-descending.txt.csv;0.297979;10000;49993502
data-set/10000-numbers-76-unordered.txt.csv;0.350119;10000;25138660
data-set/10000-numbers-77-ordered-ascending.txt.csv;0.109584;10000;9998
data-set/10000-numbers-77-ordered-descending.txt.csv;0.291843;10000;49993542
data-set/10000-numbers-77-unordered.txt.csv;0.366390;10000;25087128
data-set/10000-numbers-78-ordered-ascending.txt.csv;0.123535;10000;9998
data-set/10000-numbers-78-ordered-descending.txt.csv;0.301127;10000;49993454
data-set/10000-numbers-78-unordered.txt.csv;0.345135;10000;24858618
data-set/10000-numbers-79-ordered-ascending.txt.csv;0.114508;10000;9998
data-set/10000-numbers-79-ordered-descending.txt.csv;0.325877;10000;49993506
data-set/10000-numbers-79-unordered.txt.csv;0.334889;10000;24996069
data-set/10000-numbers-8-ordered-ascending.txt.csv;0.132923;10000;9998
data-set/10000-numbers-8-ordered-descending.txt.csv;0.325587;10000;49993482
data-set/10000-numbers-8-unordered.txt.csv;0.342851;10000;25145756
data-set/10000-numbers-80-ordered-ascending.txt.csv;0.121765;10000;9999
data-set/10000-numbers-80-ordered-descending.txt.csv;0.297685;10000;49993549
data-set/10000-numbers-80-unordered.txt.csv;0.358340;10000;25199460
data-set/10000-numbers-81-ordered-ascending.txt.csv;0.111640;10000;9999
data-set/10000-numbers-81-ordered-descending.txt.csv;0.331628;10000;49993532
data-set/10000-numbers-81-unordered.txt.csv;0.333344;10000;25077553
data-set/10000-numbers-82-ordered-ascending.txt.csv;0.143662;10000;9999
data-set/10000-numbers-82-ordered-descending.txt.csv;0.337693;10000;49993523
data-set/10000-numbers-82-unordered.txt.csv;0.336742;10000;25239283
data-set/10000-numbers-83-ordered-ascending.txt.csv;0.134278;10000;9998
data-set/10000-numbers-83-ordered-descending.txt.csv;0.298937;10000;49993434
data-set/10000-numbers-83-unordered.txt.csv;0.346017;10000;24925508
data-set/10000-numbers-84-ordered-ascending.txt.csv;0.112631;10000;9999
data-set/10000-numbers-84-ordered-descending.txt.csv;0.303387;10000;49993423
data-set/10000-numbers-84-unordered.txt.csv;0.327669;10000;25123363
data-set/10000-numbers-85-ordered-ascending.txt.csv;0.113513;10000;9997
data-set/10000-numbers-85-ordered-descending.txt.csv;0.309871;10000;49993510
data-set/10000-numbers-85-unordered.txt.csv;0.343346;10000;24727870
data-set/10000-numbers-86-ordered-ascending.txt.csv;0.109262;10000;9999
data-set/10000-numbers-86-ordered-descending.txt.csv;0.332917;10000;49993472
data-set/10000-numbers-86-unordered.txt.csv;0.351560;10000;24947200
data-set/10000-numbers-87-ordered-ascending.txt.csv;0.112944;10000;9996
data-set/10000-numbers-87-ordered-descending.txt.csv;0.318490;10000;49993455
data-set/10000-numbers-87-unordered.txt.csv;0.325723;10000;24883242
data-set/10000-numbers-88-ordered-ascending.txt.csv;0.129564;10000;9999
data-set/10000-numbers-88-ordered-descending.txt.csv;0.302785;10000;49993434
data-set/10000-numbers-88-unordered.txt.csv;0.346550;10000;24852485
data-set/10000-numbers-89-ordered-ascending.txt.csv;0.120304;10000;9999
data-set/10000-numbers-89-ordered-descending.txt.csv;0.295967;10000;49993571
data-set/10000-numbers-89-unordered.txt.csv;0.317477;10000;25052915
data-set/10000-numbers-9-ordered-ascending.txt.csv;0.109145;10000;9998
data-set/10000-numbers-9-ordered-descending.txt.csv;0.292418;10000;49993434
data-set/10000-numbers-9-unordered.txt.csv;0.313680;10000;25012874
data-set/10000-numbers-90-ordered-ascending.txt.csv;0.111655;10000;9999
data-set/10000-numbers-90-ordered-descending.txt.csv;0.298070;10000;49993502
data-set/10000-numbers-90-unordered.txt.csv;0.326189;10000;25049260
data-set/10000-numbers-91-ordered-ascending.txt.csv;0.120415;10000;9999
data-set/10000-numbers-91-ordered-descending.txt.csv;0.296393;10000;49993506
data-set/10000-numbers-91-unordered.txt.csv;0.340784;10000;25135884
data-set/10000-numbers-92-ordered-ascending.txt.csv;0.134500;10000;9999
data-set/10000-numbers-92-ordered-descending.txt.csv;0.306860;10000;49993464
data-set/10000-numbers-92-unordered.txt.csv;0.336461;10000;24854011
data-set/10000-numbers-93-ordered-ascending.txt.csv;0.136860;10000;9999
data-set/10000-numbers-93-ordered-descending.txt.csv;0.348508;10000;49993463
data-set/10000-numbers-93-unordered.txt.csv;0.373848;10000;25270632
data-set/10000-numbers-94-ordered-ascending.txt.csv;0.134359;10000;9999
data-set/10000-numbers-94-ordered-descending.txt.csv;0.304738;10000;49993539
data-set/10000-numbers-94-unordered.txt.csv;0.336690;10000;25039533
data-set/10000-numbers-95-ordered-ascending.txt.csv;0.108976;10000;9998
data-set/10000-numbers-95-ordered-descending.txt.csv;0.326557;10000;49993472
data-set/10000-numbers-95-unordered.txt.csv;0.328279;10000;24949071
data-set/10000-numbers-96-ordered-ascending.txt.csv;0.113055;10000;9998
data-set/10000-numbers-96-ordered-descending.txt.csv;0.305058;10000;49993456
data-set/10000-numbers-96-unordered.txt.csv;0.336105;10000;24997749
data-set/10000-numbers-97-ordered-ascending.txt.csv;0.109753;10000;9999
data-set/10000-numbers-97-ordered-descending.txt.csv;0.324223;10000;49993457
data-set/10000-numbers-97-unordered.txt.csv;0.329040;10000;24847473
data-set/10000-numbers-98-ordered-ascending.txt.csv;0.140062;10000;9999
data-set/10000-numbers-98-ordered-descending.txt.csv;0.328660;10000;49993506
data-set/10000-numbers-98-unordered.txt.csv;0.343339;10000;24991816
data-set/10000-numbers-99-ordered-ascending.txt.csv;0.118742;10000;9999
data-set/10000-numbers-99-ordered-descending.txt.csv;0.305505;10000;49993479
data-set/10000-numbers-99-unordered.txt.csv;0.360609;10000;25017054