FileName; KnownNumberArrangement; SecondsElapsed; NumberCount; OperationCount
data-set/10000-numbers-0-ordered-ascending.txt.csv; ascending;0.409916;10000;19997
data-set/10000-numbers-0-ordered-descending.txt.csv; descending;1.194424;10000;199963930
data-set/10000-numbers-0-unordered.txt.csv; unordered;1.330959;10000;100169463
data-set/10000-numbers-1-ordered-ascending.txt.csv; ascending;0.443937;10000;19998
data-set/10000-numbers-1-ordered-descending.txt.csv; descending;1.238136;10000;199963941
data-set/10000-numbers-1-unordered.txt.csv; unordered;1.315640;10000;99540563
data-set/10000-numbers-10-ordered-ascending.txt.csv; ascending;0.135241;10000;9998
data-set/10000-numbers-10-ordered-descending.txt.csv; descending;0.301652;10000;49993506
data-set/10000-numbers-10-unordered.txt.csv; unordered;0.328362;10000;24890486
data-set/10000-numbers-11-ordered-ascending.txt.csv; ascending;0.106681;10000;9999
data-set/10000-numbers-11-ordered-descending.txt.csv; descending;0.307129;10000;49993528
data-set/10000-numbers-11-unordered.txt.csv; unordered;0.331974;10000;24949074
data-set/10000-numbers-12-ordered-ascending.txt.csv; ascending;0.121641;10000;9999
data-set/10000-numbers-12-ordered-descending.txt.csv; descending;0.351703;10000;49993472
data-set/10000-numbers-12-unordered.txt.csv; unordered;0.319538;10000;25644999
data-set/10000-numbers-13-ordered-ascending.txt.csv; ascending;0.112142;10000;9997
data-set/10000-numbers-13-ordered-descending.txt.csv; descending;0.320402;10000;49993503
data-set/10000-numbers-13-unordered.txt.csv; unordered;0.345810;10000;25123526
data-set/10000-numbers-14-ordered-ascending.txt.csv; ascending;0.103584;10000;9998
data-set/10000-numbers-14-ordered-descending.txt.csv; descending;0.314223;10000;49993484
data-set/10000-numbers-14-unordered.txt.csv; unordered;0.322817;10000;24815698
data-set/10000-numbers-15-ordered-ascending.txt.csv; ascending;0.118532;10000;9999
data-set/10000-numbers-15-ordered-descending.txt.csv; descending;0.293029;10000;49993466
data-set/10000-numbers-15-unordered.txt.csv; unordered;0.355174;10000;24760244
data-set/10000-numbers-16-ordered-ascending.txt.csv; ascending;0.110883;10000;9999
data-set/10000-numbers-16-ordered-descending.txt.csv; descending;0.334772;10000;49993494
data-set/10000-numbers-16-unordered.txt.csv; unordered;0.369747;10000;25160597
data-set/10000-numbers-17-ordered-ascending.txt.csv; ascending;0.144839;10000;9999
data-set/10000-numbers-17-ordered-descending.txt.csv; descending;0.348488;10000;49993525
data-set/10000-numbers-17-unordered.txt.csv; unordered;0.323487;10000;25300311
data-set/10000-numbers-18-ordered-ascending.txt.csv; ascending;0.140450;10000;9999
data-set/10000-numbers-18-ordered-descending.txt.csv; descending;0.314486;10000;49993516
data-set/10000-numbers-18-unordered.txt.csv; unordered;0.376722;10000;24935292
data-set/10000-numbers-19-ordered-ascending.txt.csv; ascending;0.114511;10000;9999
data-set/10000-numbers-19-ordered-descending.txt.csv; descending;0.357073;10000;49993463
data-set/10000-numbers-19-unordered.txt.csv; unordered;0.370237;10000;24995983
data-set/10000-numbers-2-ordered-ascending.txt.csv; ascending;0.480433;19999;19998
data-set/10000-numbers-2-ordered-descending.txt.csv; descending;1.309129;19999;199963983
data-set/10000-numbers-2-unordered.txt.csv; unordered;1.440762;19999;100445981
data-set/10000-numbers-20-ordered-ascending.txt.csv; ascending;0.109655;10000;9999
data-set/10000-numbers-20-ordered-descending.txt.csv; descending;0.285335;10000;49993457
data-set/10000-numbers-20-unordered.txt.csv; unordered;0.320998;10000;25250751
data-set/10000-numbers-21-ordered-ascending.txt.csv; ascending;0.108379;10000;9998
data-set/10000-numbers-21-ordered-descending.txt.csv; descending;0.333089;10000;49993466
data-set/10000-numbers-21-unordered.txt.csv; unordered;0.346000;10000;25271578
data-set/10000-numbers-22-ordered-ascending.txt.csv; ascending;0.116669;10000;9999
data-set/10000-numbers-22-ordered-descending.txt.csv; descending;0.300524;10000;49993539
data-set/10000-numbers-22-unordered.txt.csv; unordered;0.343899;10000;24904904
data-set/10000-numbers-23-ordered-ascending.txt.csv; ascending;0.110152;10000;9999
data-set/10000-numbers-23-ordered-descending.txt.csv; descending;0.317412;10000;49993516
data-set/10000-numbers-23-unordered.txt.csv; unordered;0.328521;10000;25023768
data-set/10000-numbers-24-ordered-ascending.txt.csv; ascending;0.111657;10000;9999
data-set/10000-numbers-24-ordered-descending.txt.csv; descending;0.335503;10000;49993426
data-set/10000-numbers-24-unordered.txt.csv; unordered;0.330149;10000;25029321
data-set/10000-numbers-25-ordered-ascending.txt.csv; ascending;0.122329;10000;9999
data-set/10000-numbers-25-ordered-descending.txt.csv; descending;0.298999;10000;49993500
data-set/10000-numbers-25-unordered.txt.csv; unordered;0.348625;10000;24706694
data-set/10000-numbers-26-ordered-ascending.txt.csv; ascending;0.122394;10000;9998
data-set/10000-numbers-26-ordered-descending.txt.csv; descending;0.375643;10000;49993437
data-set/10000-numbers-26-unordered.txt.csv; unordered;0.356010;10000;24850591
data-set/10000-numbers-27-ordered-ascending.txt.csv; ascending;0.114944;10000;9998
data-set/10000-numbers-27-ordered-descending.txt.csv; descending;0.342369;10000;49993511
data-set/10000-numbers-27-unordered.txt.csv; unordered;0.346601;10000;25107603
data-set/10000-numbers-28-ordered-ascending.txt.csv; ascending;0.135631;10000;9999
data-set/10000-numbers-28-ordered-descending.txt.csv; descending;0.371501;10000;49993439
data-set/10000-numbers-28-unordered.txt.csv; unordered;0.386395;10000;24833105
data-set/10000-numbers-29-ordered-ascending.txt.csv; ascending;0.127108;10000;9999
data-set/10000-numbers-29-ordered-descending.txt.csv; descending;0.386052;10000;49993426
data-set/10000-numbers-29-unordered.txt.csv; unordered;0.353159;10000;25171508
data-set/10000-numbers-3-ordered-ascending.txt.csv; ascending;0.469581;19999;19998
data-set/10000-numbers-3-ordered-descending.txt.csv; descending;1.336002;19999;199963984
data-set/10000-numbers-3-unordered.txt.csv; unordered;1.343868;19999;99521662
data-set/10000-numbers-4-ordered-ascending.txt.csv; ascending;0.429717;19999;19997
data-set/10000-numbers-4-ordered-descending.txt.csv; descending;1.226576;19999;199963841
data-set/10000-numbers-4-unordered.txt.csv; unordered;1.335478;19999;100023469
data-set/10000-numbers-5-ordered-ascending.txt.csv; ascending;0.191758;13500;13499
data-set/10000-numbers-5-ordered-descending.txt.csv; descending;0.549845;13500;91115460
data-set/10000-numbers-5-unordered.txt.csv; unordered;0.659825;13500;45549328
data-set/10000-numbers-6-ordered-ascending.txt.csv; ascending;0.108497;10000;9999
data-set/10000-numbers-6-ordered-descending.txt.csv; descending;0.297245;10000;49993549
data-set/10000-numbers-6-unordered.txt.csv; unordered;0.345036;10000;24789779
data-set/10000-numbers-7-ordered-ascending.txt.csv; ascending;0.113033;10000;9999
data-set/10000-numbers-7-ordered-descending.txt.csv; descending;0.300834;10000;49993494
data-set/10000-numbers-7-unordered.txt.csv; unordered;0.326626;10000;25120819
data-set/10000-numbers-8-ordered-ascending.txt.csv; ascending;0.108563;10000;9999
data-set/10000-numbers-8-ordered-descending.txt.csv; descending;0.303863;10000;49993426
data-set/10000-numbers-8-unordered.txt.csv; unordered;0.342263;10000;25247593
data-set/10000-numbers-9-ordered-ascending.txt.csv; ascending;0.118489;10000;9999
data-set/10000-numbers-9-ordered-descending.txt.csv; descending;0.314306;10000;49993503
data-set/10000-numbers-9-unordered.txt.csv; unordered;0.342102;10000;24945631
data-set/100000-numbers-0-ordered-ascending.txt.csv; ascending;11.399152;100000;99999
data-set/100000-numbers-0-ordered-descending.txt.csv; descending;29.441561;100000;704829822
data-set/100000-numbers-0-unordered.txt.csv; unordered;33.701923;100000;-1799582342
data-set/100000-numbers-1-ordered-ascending.txt.csv; ascending;10.235678;100000;99997
data-set/100000-numbers-1-ordered-descending.txt.csv; descending;27.846901;100000;704830420
data-set/100000-numbers-1-unordered.txt.csv; unordered;32.883301;100000;-1782628573
data-set/100000-numbers-10-ordered-ascending.txt.csv; ascending;10.376348;100000;99997
data-set/100000-numbers-10-ordered-descending.txt.csv; descending;27.697790;100000;704829303
data-set/100000-numbers-10-unordered.txt.csv; unordered;32.637825;100000;-1789508544
data-set/100000-numbers-11-ordered-ascending.txt.csv; ascending;10.506190;100000;99994
data-set/100000-numbers-11-ordered-descending.txt.csv; descending;27.629211;100000;704829839
data-set/100000-numbers-11-unordered.txt.csv; unordered;34.593685;100000;-1793441523
data-set/100000-numbers-12-ordered-ascending.txt.csv; ascending;11.593639;100000;99996
data-set/100000-numbers-12-ordered-descending.txt.csv; descending;29.910179;100000;704830626
data-set/100000-numbers-12-unordered.txt.csv; unordered;33.506836;100000;-1794722284
data-set/100000-numbers-13-ordered-ascending.txt.csv; ascending;10.586024;100000;99997
data-set/100000-numbers-13-ordered-descending.txt.csv; descending;28.069513;100000;704830713
data-set/100000-numbers-13-unordered.txt.csv; unordered;33.174965;100000;-1797359799
data-set/100000-numbers-14-ordered-ascending.txt.csv; ascending;10.235527;100000;99995
data-set/100000-numbers-14-ordered-descending.txt.csv; descending;27.596870;100000;704829615
data-set/100000-numbers-14-unordered.txt.csv; unordered;33.964191;100000;-1790133536
data-set/100000-numbers-15-ordered-ascending.txt.csv; ascending;10.608315;100000;99994
data-set/100000-numbers-15-ordered-descending.txt.csv; descending;27.740976;100000;704829809
data-set/100000-numbers-15-unordered.txt.csv; unordered;33.605568;100000;-1787417607
data-set/100000-numbers-16-ordered-ascending.txt.csv; ascending;10.472320;100000;99998
data-set/100000-numbers-16-ordered-descending.txt.csv; descending;28.378290;100000;704830245
data-set/100000-numbers-16-unordered.txt.csv; unordered;33.331387;100000;-1795819560
data-set/100000-numbers-17-ordered-ascending.txt.csv; ascending;10.698996;100000;99995
data-set/100000-numbers-17-ordered-descending.txt.csv; descending;28.923208;100000;704829797
data-set/100000-numbers-17-unordered.txt.csv; unordered;33.222649;100000;-1787519027
data-set/100000-numbers-18-ordered-ascending.txt.csv; ascending;10.555614;100000;99996
data-set/100000-numbers-18-ordered-descending.txt.csv; descending;28.015509;100000;704829927
data-set/100000-numbers-18-unordered.txt.csv; unordered;33.406807;100000;-1801169438
data-set/100000-numbers-19-ordered-ascending.txt.csv; ascending;10.400849;100000;99995
data-set/100000-numbers-19-ordered-descending.txt.csv; descending;29.916901;100000;704830215
data-set/100000-numbers-19-unordered.txt.csv; unordered;32.710957;100000;-1795196698
data-set/100000-numbers-2-ordered-ascending.txt.csv; ascending;10.561705;100000;99997
data-set/100000-numbers-2-ordered-descending.txt.csv; descending;28.971533;100000;704830542
data-set/100000-numbers-2-unordered.txt.csv; unordered;32.748730;100000;-1803379115
data-set/100000-numbers-20-ordered-ascending.txt.csv; ascending;10.217179;100000;99996
data-set/100000-numbers-20-ordered-descending.txt.csv; descending;28.567181;100000;704830218
data-set/100000-numbers-20-unordered.txt.csv; unordered;34.166832;100000;-1794954214
data-set/100000-numbers-21-ordered-ascending.txt.csv; ascending;10.498037;100000;99998
data-set/100000-numbers-21-ordered-descending.txt.csv; descending;28.008783;100000;704830196
data-set/100000-numbers-21-unordered.txt.csv; unordered;32.401897;100000;-1798789440
data-set/100000-numbers-22-ordered-ascending.txt.csv; ascending;10.496699;100000;99997
data-set/100000-numbers-22-ordered-descending.txt.csv; descending;27.663710;100000;704829948
data-set/100000-numbers-22-unordered.txt.csv; unordered;33.696957;100000;-1794200135
data-set/100000-numbers-23-ordered-ascending.txt.csv; ascending;13.208058;100000;99996
data-set/100000-numbers-23-ordered-descending.txt.csv; descending;31.651150;100000;704829896
data-set/100000-numbers-23-unordered.txt.csv; unordered;35.885464;100000;-1793487618
data-set/100000-numbers-24-ordered-ascending.txt.csv; ascending;10.655684;100000;99995
data-set/100000-numbers-24-ordered-descending.txt.csv; descending;32.652466;100000;704830283
data-set/100000-numbers-24-unordered.txt.csv; unordered;35.549953;100000;-1801562147
data-set/100000-numbers-25-ordered-ascending.txt.csv; ascending;11.203917;100000;99998
data-set/100000-numbers-25-ordered-descending.txt.csv; descending;30.471802;100000;704829870
data-set/100000-numbers-25-unordered.txt.csv; unordered;33.246941;100000;-1794457034
data-set/100000-numbers-26-ordered-ascending.txt.csv; ascending;10.239945;100000;99994
data-set/100000-numbers-26-ordered-descending.txt.csv; descending;26.695248;100000;704830163
data-set/100000-numbers-26-unordered.txt.csv; unordered;31.372358;100000;-1801596015
data-set/100000-numbers-27-ordered-ascending.txt.csv; ascending;10.153299;100000;99997
data-set/100000-numbers-27-ordered-descending.txt.csv; descending;26.645899;100000;704830064
data-set/100000-numbers-27-unordered.txt.csv; unordered;31.243303;100000;-1787043473
data-set/100000-numbers-28-ordered-ascending.txt.csv; ascending;10.091236;100000;99998
data-set/100000-numbers-28-ordered-descending.txt.csv; descending;26.724707;100000;704830252
data-set/100000-numbers-28-unordered.txt.csv; unordered;31.290195;100000;-1804949922
data-set/100000-numbers-29-ordered-ascending.txt.csv; ascending;11.540216;100000;99997
data-set/100000-numbers-29-ordered-descending.txt.csv; descending;27.967653;100000;704829528
data-set/100000-numbers-29-unordered.txt.csv; unordered;31.548096;100000;-1799445643
data-set/100000-numbers-3-ordered-ascending.txt.csv; ascending;10.229102;100000;99994
data-set/100000-numbers-3-ordered-descending.txt.csv; descending;27.103956;100000;704830428
data-set/100000-numbers-3-unordered.txt.csv; unordered;31.554396;100000;-1798534907
data-set/100000-numbers-4-ordered-ascending.txt.csv; ascending;10.171434;100000;99996
data-set/100000-numbers-4-ordered-descending.txt.csv; descending;29.449806;100000;704830133
data-set/100000-numbers-4-unordered.txt.csv; unordered;38.552227;100000;-1793049778
data-set/100000-numbers-5-ordered-ascending.txt.csv; ascending;12.479603;100000;99998
data-set/100000-numbers-5-ordered-descending.txt.csv; descending;31.198954;100000;704830063
data-set/100000-numbers-5-unordered.txt.csv; unordered;37.432289;100000;-1795356080
data-set/100000-numbers-6-ordered-ascending.txt.csv; ascending;11.606403;100000;99997
data-set/100000-numbers-6-ordered-descending.txt.csv; descending;33.275654;100000;704830016
data-set/100000-numbers-6-unordered.txt.csv; unordered;37.591759;100000;-1796742964
data-set/100000-numbers-7-ordered-ascending.txt.csv; ascending;11.335932;100000;99994
data-set/100000-numbers-7-ordered-descending.txt.csv; descending;30.332918;100000;704829894
data-set/100000-numbers-7-unordered.txt.csv; unordered;35.672302;100000;-1792992661
data-set/100000-numbers-8-ordered-ascending.txt.csv; ascending;12.040155;100000;99994
data-set/100000-numbers-8-ordered-descending.txt.csv; descending;29.856932;100000;704829938
data-set/100000-numbers-8-unordered.txt.csv; unordered;40.572327;100000;-1793747519
data-set/100000-numbers-9-ordered-ascending.txt.csv; ascending;13.590005;100000;99995
data-set/100000-numbers-9-ordered-descending.txt.csv; descending;29.898748;100000;704830085
data-set/100000-numbers-9-unordered.txt.csv; unordered;34.863678;100000;-1798837495
data-set/20000-numbers-0-ordered-ascending.txt.csv; ascending;0.441959;20000;19998
data-set/20000-numbers-0-ordered-descending.txt.csv; descending;1.281064;20000;199983788
data-set/20000-numbers-0-unordered.txt.csv; unordered;1.461662;20000;100349054
data-set/20000-numbers-1-ordered-ascending.txt.csv; ascending;0.478376;20000;19997
data-set/20000-numbers-1-ordered-descending.txt.csv; descending;1.243433;20000;199983809
data-set/20000-numbers-1-unordered.txt.csv; unordered;1.497615;20000;99942598
data-set/20000-numbers-10-ordered-ascending.txt.csv; ascending;0.479179;20000;19999
data-set/20000-numbers-10-ordered-descending.txt.csv; descending;1.362181;20000;199983925
data-set/20000-numbers-10-unordered.txt.csv; unordered;1.414957;20000;99676876
data-set/20000-numbers-11-ordered-ascending.txt.csv; ascending;0.482150;20000;19999
data-set/20000-numbers-11-ordered-descending.txt.csv; descending;1.398730;20000;199983798
data-set/20000-numbers-11-unordered.txt.csv; unordered;1.450944;20000;100436791
data-set/20000-numbers-12-ordered-ascending.txt.csv; ascending;0.474044;20000;19999
data-set/20000-numbers-12-ordered-descending.txt.csv; descending;1.260197;20000;199983847
data-set/20000-numbers-12-unordered.txt.csv; unordered;1.522400;20000;100468386
data-set/20000-numbers-13-ordered-ascending.txt.csv; ascending;0.485772;20000;19998
data-set/20000-numbers-13-ordered-descending.txt.csv; descending;1.326877;20000;199983926
data-set/20000-numbers-13-unordered.txt.csv; unordered;1.423471;20000;100199365
data-set/20000-numbers-14-ordered-ascending.txt.csv; ascending;0.474072;20000;19999
data-set/20000-numbers-14-ordered-descending.txt.csv; descending;1.418620;20000;199983934
data-set/20000-numbers-14-unordered.txt.csv; unordered;1.492257;20000;99739593
data-set/20000-numbers-15-ordered-ascending.txt.csv; ascending;0.478380;20000;19999
data-set/20000-numbers-15-ordered-descending.txt.csv; descending;1.275067;20000;199983989
data-set/20000-numbers-15-unordered.txt.csv; unordered;1.404721;20000;99720918
data-set/20000-numbers-16-ordered-ascending.txt.csv; ascending;0.511317;20000;19998
data-set/20000-numbers-16-ordered-descending.txt.csv; descending;1.291167;20000;199983986
data-set/20000-numbers-16-unordered.txt.csv; unordered;1.432161;20000;99480446
data-set/20000-numbers-17-ordered-ascending.txt.csv; ascending;0.475909;20000;19998
data-set/20000-numbers-17-ordered-descending.txt.csv; descending;1.347724;20000;199983947
data-set/20000-numbers-17-unordered.txt.csv; unordered;1.461028;20000;100071666
data-set/20000-numbers-18-ordered-ascending.txt.csv; ascending;0.460046;20000;19999
data-set/20000-numbers-18-ordered-descending.txt.csv; descending;1.523766;20000;199983722
data-set/20000-numbers-18-unordered.txt.csv; unordered;1.815177;20000;99511069
data-set/20000-numbers-19-ordered-ascending.txt.csv; ascending;0.554867;20000;19998
data-set/20000-numbers-19-ordered-descending.txt.csv; descending;1.370666;20000;199984010
data-set/20000-numbers-19-unordered.txt.csv; unordered;1.449117;20000;100195729
data-set/20000-numbers-2-ordered-ascending.txt.csv; ascending;0.645275;20000;19999
data-set/20000-numbers-2-ordered-descending.txt.csv; descending;1.687844;20000;199983872
data-set/20000-numbers-2-unordered.txt.csv; unordered;1.818530;20000;99929503
data-set/20000-numbers-20-ordered-ascending.txt.csv; ascending;0.570859;20000;19999
data-set/20000-numbers-20-ordered-descending.txt.csv; descending;1.600633;20000;199983872
data-set/20000-numbers-20-unordered.txt.csv; unordered;1.580000;20000;100259794
data-set/20000-numbers-21-ordered-ascending.txt.csv; ascending;0.466079;20000;19999
data-set/20000-numbers-21-ordered-descending.txt.csv; descending;1.303601;20000;199983901
data-set/20000-numbers-21-unordered.txt.csv; unordered;1.425510;20000;99009353
data-set/20000-numbers-22-ordered-ascending.txt.csv; ascending;0.515419;20000;19999
data-set/20000-numbers-22-ordered-descending.txt.csv; descending;1.294389;20000;199983821
data-set/20000-numbers-22-unordered.txt.csv; unordered;1.396319;20000;100183208
data-set/20000-numbers-23-ordered-ascending.txt.csv; ascending;0.501555;20000;19999
data-set/20000-numbers-23-ordered-descending.txt.csv; descending;1.363795;20000;199983939
data-set/20000-numbers-23-unordered.txt.csv; unordered;1.451876;20000;99332190
data-set/20000-numbers-24-ordered-ascending.txt.csv; ascending;0.466694;20000;19999
data-set/20000-numbers-24-ordered-descending.txt.csv; descending;1.266851;20000;199983915
data-set/20000-numbers-24-unordered.txt.csv; unordered;1.476329;20000;100453668
data-set/20000-numbers-25-ordered-ascending.txt.csv; ascending;0.507626;20000;19999
data-set/20000-numbers-25-ordered-descending.txt.csv; descending;1.290306;20000;199983889
data-set/20000-numbers-25-unordered.txt.csv; unordered;1.422786;20000;99260507
data-set/20000-numbers-26-ordered-ascending.txt.csv; ascending;0.499019;20000;19998
data-set/20000-numbers-26-ordered-descending.txt.csv; descending;1.347706;20000;199983948
data-set/20000-numbers-26-unordered.txt.csv; unordered;1.516024;20000;100255349
data-set/20000-numbers-27-ordered-ascending.txt.csv; ascending;0.473385;20000;19998
data-set/20000-numbers-27-ordered-descending.txt.csv; descending;1.271623;20000;199984034
data-set/20000-numbers-27-unordered.txt.csv; unordered;1.482664;20000;99382477
data-set/20000-numbers-28-ordered-ascending.txt.csv; ascending;0.504297;20000;19997
data-set/20000-numbers-28-ordered-descending.txt.csv; descending;1.287902;20000;199983859
data-set/20000-numbers-28-unordered.txt.csv; unordered;1.401530;20000;100170230
data-set/20000-numbers-29-ordered-ascending.txt.csv; ascending;0.470512;20000;19999
data-set/20000-numbers-29-ordered-descending.txt.csv; descending;1.412623;20000;199983852
data-set/20000-numbers-29-unordered.txt.csv; unordered;1.455815;20000;99242682
data-set/20000-numbers-3-ordered-ascending.txt.csv; ascending;0.468333;20000;19999
data-set/20000-numbers-3-ordered-descending.txt.csv; descending;1.275613;20000;199983997
data-set/20000-numbers-3-unordered.txt.csv; unordered;1.567682;20000;100585938
data-set/20000-numbers-4-ordered-ascending.txt.csv; ascending;0.477630;20000;19999
data-set/20000-numbers-4-ordered-descending.txt.csv; descending;1.310640;20000;199983968
data-set/20000-numbers-4-unordered.txt.csv; unordered;1.437746;20000;100272992
data-set/20000-numbers-5-ordered-ascending.txt.csv; ascending;0.488172;20000;19999
data-set/20000-numbers-5-ordered-descending.txt.csv; descending;1.360285;20000;199983726
data-set/20000-numbers-5-unordered.txt.csv; unordered;1.479947;20000;99573447
data-set/20000-numbers-6-ordered-ascending.txt.csv; ascending;0.471560;20000;19998
data-set/20000-numbers-6-ordered-descending.txt.csv; descending;1.298294;20000;199983984
data-set/20000-numbers-6-unordered.txt.csv; unordered;1.481310;20000;99826218
data-set/20000-numbers-7-ordered-ascending.txt.csv; ascending;0.519098;20000;19998
data-set/20000-numbers-7-ordered-descending.txt.csv; descending;1.308359;20000;199983964
data-set/20000-numbers-7-unordered.txt.csv; unordered;1.448936;20000;99246955
data-set/20000-numbers-8-ordered-ascending.txt.csv; ascending;0.453902;20000;19998
data-set/20000-numbers-8-ordered-descending.txt.csv; descending;1.349648;20000;199983905
data-set/20000-numbers-8-unordered.txt.csv; unordered;1.496063;20000;100480643
data-set/20000-numbers-9-ordered-ascending.txt.csv; ascending;0.470177;20000;19998
data-set/20000-numbers-9-ordered-descending.txt.csv; descending;1.284279;20000;199983890
data-set/20000-numbers-9-unordered.txt.csv; unordered;1.486115;20000;99743262
data-set/30000-numbers-0-ordered-ascending.txt.csv; ascending;1.080153;30000;29999
data-set/30000-numbers-0-ordered-descending.txt.csv; descending;2.773007;30000;449971317
data-set/30000-numbers-0-unordered.txt.csv; unordered;3.223179;30000;225046327
data-set/30000-numbers-1-ordered-ascending.txt.csv; ascending;1.020112;30000;29999
data-set/30000-numbers-1-ordered-descending.txt.csv; descending;2.854846;30000;449971242
data-set/30000-numbers-1-unordered.txt.csv; unordered;3.137623;30000;225099086
data-set/30000-numbers-10-ordered-ascending.txt.csv; ascending;1.038538;30000;29999
data-set/30000-numbers-10-ordered-descending.txt.csv; descending;2.836329;30000;449971188
data-set/30000-numbers-10-unordered.txt.csv; unordered;3.237373;30000;225537133
data-set/30000-numbers-11-ordered-ascending.txt.csv; ascending;1.009049;30000;29996
data-set/30000-numbers-11-ordered-descending.txt.csv; descending;2.803185;30000;449971506
data-set/30000-numbers-11-unordered.txt.csv; unordered;3.196276;30000;225421247
data-set/30000-numbers-12-ordered-ascending.txt.csv; ascending;1.059097;30000;29998
data-set/30000-numbers-12-ordered-descending.txt.csv; descending;2.840889;30000;449971147
data-set/30000-numbers-12-unordered.txt.csv; unordered;3.261978;30000;224550518
data-set/30000-numbers-13-ordered-ascending.txt.csv; ascending;1.027668;30000;29999
data-set/30000-numbers-13-ordered-descending.txt.csv; descending;2.798297;30000;449971425
data-set/30000-numbers-13-unordered.txt.csv; unordered;3.197999;30000;224974910
data-set/30000-numbers-14-ordered-ascending.txt.csv; ascending;1.023273;30000;29998
data-set/30000-numbers-14-ordered-descending.txt.csv; descending;3.095250;30000;449971301
data-set/30000-numbers-14-unordered.txt.csv; unordered;3.826445;30000;224507715
data-set/30000-numbers-15-ordered-ascending.txt.csv; ascending;1.136541;30000;29998
data-set/30000-numbers-15-ordered-descending.txt.csv; descending;2.873547;30000;449971372
data-set/30000-numbers-15-unordered.txt.csv; unordered;3.956316;30000;224279039
data-set/30000-numbers-16-ordered-ascending.txt.csv; ascending;1.376422;30000;29999
data-set/30000-numbers-16-ordered-descending.txt.csv; descending;3.341871;30000;449971472
data-set/30000-numbers-16-unordered.txt.csv; unordered;3.815417;30000;225994734
data-set/30000-numbers-17-ordered-ascending.txt.csv; ascending;1.205317;30000;29997
data-set/30000-numbers-17-ordered-descending.txt.csv; descending;3.115498;30000;449971234
data-set/30000-numbers-17-unordered.txt.csv; unordered;4.350716;30000;225284714
data-set/30000-numbers-18-ordered-ascending.txt.csv; ascending;1.121908;30000;29999
data-set/30000-numbers-18-ordered-descending.txt.csv; descending;3.007672;30000;449971295
data-set/30000-numbers-18-unordered.txt.csv; unordered;3.512768;30000;225560302
data-set/30000-numbers-19-ordered-ascending.txt.csv; ascending;1.447279;30000;29997
data-set/30000-numbers-19-ordered-descending.txt.csv; descending;3.713452;30000;449971144
data-set/30000-numbers-19-unordered.txt.csv; unordered;3.296305;30000;226988550
data-set/30000-numbers-2-ordered-ascending.txt.csv; ascending;1.099231;30000;29999
data-set/30000-numbers-2-ordered-descending.txt.csv; descending;2.892255;30000;449971169
data-set/30000-numbers-2-unordered.txt.csv; unordered;3.200536;30000;224227318
data-set/30000-numbers-20-ordered-ascending.txt.csv; ascending;1.019603;30000;29999
data-set/30000-numbers-20-ordered-descending.txt.csv; descending;2.794036;30000;449971260
data-set/30000-numbers-20-unordered.txt.csv; unordered;3.214969;30000;225233043
data-set/30000-numbers-21-ordered-ascending.txt.csv; ascending;1.061357;30000;29999
data-set/30000-numbers-21-ordered-descending.txt.csv; descending;2.858546;30000;449971456
data-set/30000-numbers-21-unordered.txt.csv; unordered;3.324963;30000;225335392
data-set/30000-numbers-22-ordered-ascending.txt.csv; ascending;1.077787;30000;29998
data-set/30000-numbers-22-ordered-descending.txt.csv; descending;2.844784;30000;449971175
data-set/30000-numbers-22-unordered.txt.csv; unordered;3.188628;30000;225113889
data-set/30000-numbers-23-ordered-ascending.txt.csv; ascending;1.029125;30000;29996
data-set/30000-numbers-23-ordered-descending.txt.csv; descending;2.906512;30000;449971431
data-set/30000-numbers-23-unordered.txt.csv; unordered;3.151813;30000;224829637
data-set/30000-numbers-24-ordered-ascending.txt.csv; ascending;1.058791;30000;29998
data-set/30000-numbers-24-ordered-descending.txt.csv; descending;2.903047;30000;449971169
data-set/30000-numbers-24-unordered.txt.csv; unordered;3.252541;30000;224056076
data-set/30000-numbers-25-ordered-ascending.txt.csv; ascending;1.035137;30000;29998
data-set/30000-numbers-25-ordered-descending.txt.csv; descending;2.834241;30000;449971392
data-set/30000-numbers-25-unordered.txt.csv; unordered;3.203509;30000;224625628
data-set/30000-numbers-26-ordered-ascending.txt.csv; ascending;1.096835;30000;29998
data-set/30000-numbers-26-ordered-descending.txt.csv; descending;2.771631;30000;449971002
data-set/30000-numbers-26-unordered.txt.csv; unordered;3.216846;30000;226475686
data-set/30000-numbers-27-ordered-ascending.txt.csv; ascending;1.006794;30000;29998
data-set/30000-numbers-27-ordered-descending.txt.csv; descending;2.782946;30000;449971195
data-set/30000-numbers-27-unordered.txt.csv; unordered;3.191714;30000;224147383
data-set/30000-numbers-28-ordered-ascending.txt.csv; ascending;1.005662;30000;29999
data-set/30000-numbers-28-ordered-descending.txt.csv; descending;2.884856;30000;449971270
data-set/30000-numbers-28-unordered.txt.csv; unordered;3.153066;30000;224163405
data-set/30000-numbers-29-ordered-ascending.txt.csv; ascending;1.028347;30000;29999
data-set/30000-numbers-29-ordered-descending.txt.csv; descending;2.771165;30000;449971198
data-set/30000-numbers-29-unordered.txt.csv; unordered;3.194056;30000;226134672
data-set/30000-numbers-3-ordered-ascending.txt.csv; ascending;1.025820;30000;29999
data-set/30000-numbers-3-ordered-descending.txt.csv; descending;2.908459;30000;449971286
data-set/30000-numbers-3-unordered.txt.csv; unordered;3.145245;30000;225448075
data-set/30000-numbers-4-ordered-ascending.txt.csv; ascending;1.054702;30000;29998
data-set/30000-numbers-4-ordered-descending.txt.csv; descending;2.766020;30000;449971129
data-set/30000-numbers-4-unordered.txt.csv; unordered;3.179152;30000;225231367
data-set/30000-numbers-5-ordered-ascending.txt.csv; ascending;1.010912;30000;29998
data-set/30000-numbers-5-ordered-descending.txt.csv; descending;2.824713;30000;449971208
data-set/30000-numbers-5-unordered.txt.csv; unordered;3.145932;30000;226368849
data-set/30000-numbers-6-ordered-ascending.txt.csv; ascending;1.026513;30000;29999
data-set/30000-numbers-6-ordered-descending.txt.csv; descending;2.719741;30000;449971363
data-set/30000-numbers-6-unordered.txt.csv; unordered;3.245410;30000;223873979
data-set/30000-numbers-7-ordered-ascending.txt.csv; ascending;1.032664;30000;29999
data-set/30000-numbers-7-ordered-descending.txt.csv; descending;2.774915;30000;449971219
data-set/30000-numbers-7-unordered.txt.csv; unordered;3.231884;30000;225428146
data-set/30000-numbers-8-ordered-ascending.txt.csv; ascending;1.038673;30000;29998
data-set/30000-numbers-8-ordered-descending.txt.csv; descending;2.878770;30000;449971089
data-set/30000-numbers-8-unordered.txt.csv; unordered;3.177836;30000;225431520
data-set/30000-numbers-9-ordered-ascending.txt.csv; ascending;1.041797;30000;29999
data-set/30000-numbers-9-ordered-descending.txt.csv; descending;2.728176;30000;449971343
data-set/30000-numbers-9-unordered.txt.csv; unordered;3.167081;30000;224747080
data-set/40000-numbers-0-ordered-ascending.txt.csv; ascending;2.229712;40000;39998
data-set/40000-numbers-0-ordered-descending.txt.csv; descending;7.405964;40000;799955336
data-set/40000-numbers-0-unordered.txt.csv; unordered;6.611470;40000;398637944
data-set/40000-numbers-1-ordered-ascending.txt.csv; ascending;1.798721;40000;39998
data-set/40000-numbers-1-ordered-descending.txt.csv; descending;4.981325;40000;799955178
data-set/40000-numbers-1-unordered.txt.csv; unordered;6.050592;40000;401002190
data-set/40000-numbers-10-ordered-ascending.txt.csv; ascending;2.206817;40000;39997
data-set/40000-numbers-10-ordered-descending.txt.csv; descending;4.915706;40000;799955626
data-set/40000-numbers-10-unordered.txt.csv; unordered;5.702715;40000;400295985
data-set/40000-numbers-11-ordered-ascending.txt.csv; ascending;1.773312;40000;39998
data-set/40000-numbers-11-ordered-descending.txt.csv; descending;4.987355;40000;799955789
data-set/40000-numbers-11-unordered.txt.csv; unordered;5.666313;40000;399657426
data-set/40000-numbers-12-ordered-ascending.txt.csv; ascending;1.827368;40000;39998
data-set/40000-numbers-12-ordered-descending.txt.csv; descending;5.959485;40000;799955609
data-set/40000-numbers-12-unordered.txt.csv; unordered;6.719261;40000;400195884
data-set/40000-numbers-13-ordered-ascending.txt.csv; ascending;1.883830;40000;39996
data-set/40000-numbers-13-ordered-descending.txt.csv; descending;4.985007;40000;799955736
data-set/40000-numbers-13-unordered.txt.csv; unordered;5.611052;40000;398360693
data-set/40000-numbers-14-ordered-ascending.txt.csv; ascending;1.839267;40000;39999
data-set/40000-numbers-14-ordered-descending.txt.csv; descending;5.109983;40000;799955758
data-set/40000-numbers-14-unordered.txt.csv; unordered;7.296070;40000;399674983
data-set/40000-numbers-15-ordered-ascending.txt.csv; ascending;2.079350;40000;39997
data-set/40000-numbers-15-ordered-descending.txt.csv; descending;5.350359;40000;799955644
data-set/40000-numbers-15-unordered.txt.csv; unordered;6.265027;40000;399198218
data-set/40000-numbers-16-ordered-ascending.txt.csv; ascending;1.799804;40000;39998
data-set/40000-numbers-16-ordered-descending.txt.csv; descending;5.589172;40000;799955327
data-set/40000-numbers-16-unordered.txt.csv; unordered;5.742044;40000;399652280
data-set/40000-numbers-17-ordered-ascending.txt.csv; ascending;2.336030;40000;39998
data-set/40000-numbers-17-ordered-descending.txt.csv; descending;5.571963;40000;799955810
data-set/40000-numbers-17-unordered.txt.csv; unordered;6.157076;40000;401494922
data-set/40000-numbers-18-ordered-ascending.txt.csv; ascending;1.919162;40000;39999
data-set/40000-numbers-18-ordered-descending.txt.csv; descending;4.916105;40000;799955560
data-set/40000-numbers-18-unordered.txt.csv; unordered;5.608892;40000;399787646
data-set/40000-numbers-19-ordered-ascending.txt.csv; ascending;1.856270;40000;39999
data-set/40000-numbers-19-ordered-descending.txt.csv; descending;4.918172;40000;799955708
data-set/40000-numbers-19-unordered.txt.csv; unordered;5.652956;40000;401691375
data-set/40000-numbers-2-ordered-ascending.txt.csv; ascending;1.858986;40000;39999
data-set/40000-numbers-2-ordered-descending.txt.csv; descending;5.863899;40000;799955773
data-set/40000-numbers-2-unordered.txt.csv; unordered;5.646069;40000;400906838
data-set/40000-numbers-20-ordered-ascending.txt.csv; ascending;1.796656;40000;39997
data-set/40000-numbers-20-ordered-descending.txt.csv; descending;4.920716;40000;799955369
data-set/40000-numbers-20-unordered.txt.csv; unordered;5.640919;40000;399336920
data-set/40000-numbers-21-ordered-ascending.txt.csv; ascending;1.885747;40000;39997
data-set/40000-numbers-21-ordered-descending.txt.csv; descending;4.898174;40000;799955712
data-set/40000-numbers-21-unordered.txt.csv; unordered;5.610906;40000;397834850
data-set/40000-numbers-22-ordered-ascending.txt.csv; ascending;1.793813;40000;39997
data-set/40000-numbers-22-ordered-descending.txt.csv; descending;4.912808;40000;799955398
data-set/40000-numbers-22-unordered.txt.csv; unordered;5.684775;40000;400411751
data-set/40000-numbers-23-ordered-ascending.txt.csv; ascending;1.848182;40000;39998
data-set/40000-numbers-23-ordered-descending.txt.csv; descending;5.773544;40000;799955495
data-set/40000-numbers-23-unordered.txt.csv; unordered;6.326907;40000;398976194
data-set/40000-numbers-24-ordered-ascending.txt.csv; ascending;1.847258;40000;39998
data-set/40000-numbers-24-ordered-descending.txt.csv; descending;4.918162;40000;799955290
data-set/40000-numbers-24-unordered.txt.csv; unordered;5.829467;40000;399793015
data-set/40000-numbers-25-ordered-ascending.txt.csv; ascending;1.862524;40000;39997
data-set/40000-numbers-25-ordered-descending.txt.csv; descending;4.918788;40000;799955974
data-set/40000-numbers-25-unordered.txt.csv; unordered;5.349561;40000;397193599
data-set/40000-numbers-26-ordered-ascending.txt.csv; ascending;1.778240;40000;39998
data-set/40000-numbers-26-ordered-descending.txt.csv; descending;4.551201;40000;799955600
data-set/40000-numbers-26-unordered.txt.csv; unordered;5.183553;40000;400463774
data-set/40000-numbers-27-ordered-ascending.txt.csv; ascending;1.664654;40000;39994
data-set/40000-numbers-27-ordered-descending.txt.csv; descending;4.492014;40000;799955623
data-set/40000-numbers-27-unordered.txt.csv; unordered;5.193222;40000;399396166
data-set/40000-numbers-28-ordered-ascending.txt.csv; ascending;1.650931;40000;39999
data-set/40000-numbers-28-ordered-descending.txt.csv; descending;4.526265;40000;799955618
data-set/40000-numbers-28-unordered.txt.csv; unordered;5.100556;40000;399971493
data-set/40000-numbers-29-ordered-ascending.txt.csv; ascending;1.640315;40000;39996
data-set/40000-numbers-29-ordered-descending.txt.csv; descending;4.616907;40000;799955599
data-set/40000-numbers-29-unordered.txt.csv; unordered;5.298411;40000;400529476
data-set/40000-numbers-3-ordered-ascending.txt.csv; ascending;1.765150;40000;39998
data-set/40000-numbers-3-ordered-descending.txt.csv; descending;4.607655;40000;799955380
data-set/40000-numbers-3-unordered.txt.csv; unordered;5.212172;40000;398551384
data-set/40000-numbers-4-ordered-ascending.txt.csv; ascending;1.657183;40000;39997
data-set/40000-numbers-4-ordered-descending.txt.csv; descending;4.488531;40000;799955679
data-set/40000-numbers-4-unordered.txt.csv; unordered;5.149948;40000;399755101
data-set/40000-numbers-5-ordered-ascending.txt.csv; ascending;1.688672;40000;39999
data-set/40000-numbers-5-ordered-descending.txt.csv; descending;4.497929;40000;799955749
data-set/40000-numbers-5-unordered.txt.csv; unordered;5.110254;40000;399263332
data-set/40000-numbers-6-ordered-ascending.txt.csv; ascending;1.699651;40000;39999
data-set/40000-numbers-6-ordered-descending.txt.csv; descending;4.556317;40000;799955644
data-set/40000-numbers-6-unordered.txt.csv; unordered;5.210713;40000;400499662
data-set/40000-numbers-7-ordered-ascending.txt.csv; ascending;1.648683;40000;39997
data-set/40000-numbers-7-ordered-descending.txt.csv; descending;4.773620;40000;799955544
data-set/40000-numbers-7-unordered.txt.csv; unordered;5.223593;40000;401724099
data-set/40000-numbers-8-ordered-ascending.txt.csv; ascending;1.639840;40000;39997
data-set/40000-numbers-8-ordered-descending.txt.csv; descending;4.429601;40000;799955599
data-set/40000-numbers-8-unordered.txt.csv; unordered;5.098265;40000;400696701
data-set/40000-numbers-9-ordered-ascending.txt.csv; ascending;1.657079;40000;39999
data-set/40000-numbers-9-ordered-descending.txt.csv; descending;4.486874;40000;799955667
data-set/40000-numbers-9-unordered.txt.csv; unordered;5.138311;40000;401401941
data-set/50000-numbers-0-ordered-ascending.txt.csv; ascending;2.584800;50000;49998
data-set/50000-numbers-0-ordered-descending.txt.csv; descending;6.841291;50000;1249937010
data-set/50000-numbers-0-unordered.txt.csv; unordered;7.987527;50000;626837294
data-set/50000-numbers-1-ordered-ascending.txt.csv; ascending;2.584887;50000;49998
data-set/50000-numbers-1-ordered-descending.txt.csv; descending;6.936160;50000;1249936892
data-set/50000-numbers-1-unordered.txt.csv; unordered;7.896130;50000;628318909
data-set/50000-numbers-10-ordered-ascending.txt.csv; ascending;2.638226;50000;49998
data-set/50000-numbers-10-ordered-descending.txt.csv; descending;6.916136;50000;1249936990
data-set/50000-numbers-10-unordered.txt.csv; unordered;8.127702;50000;623664355
data-set/50000-numbers-11-ordered-ascending.txt.csv; ascending;2.553096;50000;49998
data-set/50000-numbers-11-ordered-descending.txt.csv; descending;7.259457;50000;1249936883
data-set/50000-numbers-11-unordered.txt.csv; unordered;8.179911;50000;622931252
data-set/50000-numbers-12-ordered-ascending.txt.csv; ascending;2.699259;50000;49998
data-set/50000-numbers-12-ordered-descending.txt.csv; descending;7.016288;50000;1249936916
data-set/50000-numbers-12-unordered.txt.csv; unordered;8.247469;50000;625850558
data-set/50000-numbers-13-ordered-ascending.txt.csv; ascending;2.598519;50000;49998
data-set/50000-numbers-13-ordered-descending.txt.csv; descending;7.067886;50000;1249937205
data-set/50000-numbers-13-unordered.txt.csv; unordered;8.007420;50000;623736764
data-set/50000-numbers-14-ordered-ascending.txt.csv; ascending;2.652435;50000;49999
data-set/50000-numbers-14-ordered-descending.txt.csv; descending;6.961588;50000;1249936681
data-set/50000-numbers-14-unordered.txt.csv; unordered;8.125937;50000;625838200
data-set/50000-numbers-15-ordered-ascending.txt.csv; ascending;2.557946;50000;49996
data-set/50000-numbers-15-ordered-descending.txt.csv; descending;7.044352;50000;1249937043
data-set/50000-numbers-15-unordered.txt.csv; unordered;7.971029;50000;622784601
data-set/50000-numbers-16-ordered-ascending.txt.csv; ascending;2.649187;50000;49998
data-set/50000-numbers-16-ordered-descending.txt.csv; descending;6.925138;50000;1249936718
data-set/50000-numbers-16-unordered.txt.csv; unordered;8.219611;50000;625810100
data-set/50000-numbers-17-ordered-ascending.txt.csv; ascending;2.570298;50000;49999
data-set/50000-numbers-17-ordered-descending.txt.csv; descending;7.027941;50000;1249937079
data-set/50000-numbers-17-unordered.txt.csv; unordered;8.128783;50000;625254388
data-set/50000-numbers-18-ordered-ascending.txt.csv; ascending;2.657312;50000;49997
data-set/50000-numbers-18-ordered-descending.txt.csv; descending;6.906782;50000;1249936971
data-set/50000-numbers-18-unordered.txt.csv; unordered;8.186100;50000;627856318
data-set/50000-numbers-19-ordered-ascending.txt.csv; ascending;2.572646;50000;49997
data-set/50000-numbers-19-ordered-descending.txt.csv; descending;7.024752;50000;1249936565
data-set/50000-numbers-19-unordered.txt.csv; unordered;7.978986;50000;626013876
data-set/50000-numbers-2-ordered-ascending.txt.csv; ascending;2.636483;50000;49996
data-set/50000-numbers-2-ordered-descending.txt.csv; descending;6.952678;50000;1249937197
data-set/50000-numbers-2-unordered.txt.csv; unordered;7.943923;50000;623477030
data-set/50000-numbers-20-ordered-ascending.txt.csv; ascending;2.692605;50000;49997
data-set/50000-numbers-20-ordered-descending.txt.csv; descending;6.941946;50000;1249936603
data-set/50000-numbers-20-unordered.txt.csv; unordered;8.127630;50000;624477508
data-set/50000-numbers-21-ordered-ascending.txt.csv; ascending;2.583981;50000;49998
data-set/50000-numbers-21-ordered-descending.txt.csv; descending;7.016633;50000;1249936676
data-set/50000-numbers-21-unordered.txt.csv; unordered;8.024994;50000;629249025
data-set/50000-numbers-22-ordered-ascending.txt.csv; ascending;2.656695;50000;49999
data-set/50000-numbers-22-ordered-descending.txt.csv; descending;6.877785;50000;1249936909
data-set/50000-numbers-22-unordered.txt.csv; unordered;8.114251;50000;623348199
data-set/50000-numbers-23-ordered-ascending.txt.csv; ascending;2.542052;50000;49999
data-set/50000-numbers-23-ordered-descending.txt.csv; descending;7.061702;50000;1249937126
data-set/50000-numbers-23-unordered.txt.csv; unordered;7.952251;50000;625601013
data-set/50000-numbers-24-ordered-ascending.txt.csv; ascending;2.650368;50000;49997
data-set/50000-numbers-24-ordered-descending.txt.csv; descending;6.895616;50000;1249937060
data-set/50000-numbers-24-unordered.txt.csv; unordered;8.087811;50000;627953094
data-set/50000-numbers-25-ordered-ascending.txt.csv; ascending;2.582437;50000;49998
data-set/50000-numbers-25-ordered-descending.txt.csv; descending;7.001388;50000;1249936940
data-set/50000-numbers-25-unordered.txt.csv; unordered;7.933695;50000;626002027
data-set/50000-numbers-26-ordered-ascending.txt.csv; ascending;2.648623;50000;49995
data-set/50000-numbers-26-ordered-descending.txt.csv; descending;6.895027;50000;1249936888
data-set/50000-numbers-26-unordered.txt.csv; unordered;7.928576;50000;625374273
data-set/50000-numbers-27-ordered-ascending.txt.csv; ascending;2.666782;50000;49998
data-set/50000-numbers-27-ordered-descending.txt.csv; descending;6.910485;50000;1249936507
data-set/50000-numbers-27-unordered.txt.csv; unordered;8.110404;50000;624627156
data-set/50000-numbers-28-ordered-ascending.txt.csv; ascending;2.556284;50000;49998
data-set/50000-numbers-28-ordered-descending.txt.csv; descending;7.028349;50000;1249936799
data-set/50000-numbers-28-unordered.txt.csv; unordered;7.965636;50000;624187843
data-set/50000-numbers-29-ordered-ascending.txt.csv; ascending;2.633949;50000;49999
data-set/50000-numbers-29-ordered-descending.txt.csv; descending;6.898705;50000;1249936959
data-set/50000-numbers-29-unordered.txt.csv; unordered;7.895175;50000;626036703
data-set/50000-numbers-3-ordered-ascending.txt.csv; ascending;2.658187;50000;49999
data-set/50000-numbers-3-ordered-descending.txt.csv; descending;6.917274;50000;1249937207
data-set/50000-numbers-3-unordered.txt.csv; unordered;8.062327;50000;624082714
data-set/50000-numbers-4-ordered-ascending.txt.csv; ascending;2.553712;50000;49997
data-set/50000-numbers-4-ordered-descending.txt.csv; descending;6.980013;50000;1249936795
data-set/50000-numbers-4-unordered.txt.csv; unordered;7.944470;50000;625470143
data-set/50000-numbers-5-ordered-ascending.txt.csv; ascending;2.632418;50000;49998
data-set/50000-numbers-5-ordered-descending.txt.csv; descending;6.884798;50000;1249936916
data-set/50000-numbers-5-unordered.txt.csv; unordered;8.043092;50000;624656793
data-set/50000-numbers-6-ordered-ascending.txt.csv; ascending;2.539910;50000;49996
data-set/50000-numbers-6-ordered-descending.txt.csv; descending;7.001997;50000;1249937022
data-set/50000-numbers-6-unordered.txt.csv; unordered;7.936250;50000;621002242
data-set/50000-numbers-7-ordered-ascending.txt.csv; ascending;2.638380;50000;49993
data-set/50000-numbers-7-ordered-descending.txt.csv; descending;6.884094;50000;1249936941
data-set/50000-numbers-7-unordered.txt.csv; unordered;8.077821;50000;626327854
data-set/50000-numbers-8-ordered-ascending.txt.csv; ascending;2.538467;50000;49997
data-set/50000-numbers-8-ordered-descending.txt.csv; descending;7.384388;50000;1249937082
data-set/50000-numbers-8-unordered.txt.csv; unordered;9.088970;50000;623448297
data-set/50000-numbers-9-ordered-ascending.txt.csv; ascending;3.041771;50000;49997
data-set/50000-numbers-9-ordered-descending.txt.csv; descending;8.117604;50000;1249937006
data-set/50000-numbers-9-unordered.txt.csv; unordered;8.201448;50000;623390612
data-set/60000-numbers-0-ordered-ascending.txt.csv; ascending;3.786341;60000;59995
data-set/60000-numbers-0-ordered-descending.txt.csv; descending;10.615381;60000;1799915257
data-set/60000-numbers-0-unordered.txt.csv; unordered;12.291564;60000;897895090
data-set/60000-numbers-1-ordered-ascending.txt.csv; ascending;3.838500;60000;59997
data-set/60000-numbers-1-ordered-descending.txt.csv; descending;10.019138;60000;1799915060
data-set/60000-numbers-1-unordered.txt.csv; unordered;11.508821;60000;899788791
data-set/60000-numbers-10-ordered-ascending.txt.csv; ascending;3.731807;60000;59996
data-set/60000-numbers-10-ordered-descending.txt.csv; descending;9.734340;60000;1799914805
data-set/60000-numbers-10-unordered.txt.csv; unordered;11.755471;60000;898819452
data-set/60000-numbers-11-ordered-ascending.txt.csv; ascending;3.897930;60000;59997
data-set/60000-numbers-11-ordered-descending.txt.csv; descending;11.477809;60000;1799914755
data-set/60000-numbers-11-unordered.txt.csv; unordered;12.912997;60000;899041305
data-set/60000-numbers-12-ordered-ascending.txt.csv; ascending;5.327354;60000;59999
data-set/60000-numbers-12-ordered-descending.txt.csv; descending;12.748177;60000;1799914859
data-set/60000-numbers-12-unordered.txt.csv; unordered;14.778622;60000;899840568
data-set/60000-numbers-13-ordered-ascending.txt.csv; ascending;4.844328;60000;59996
data-set/60000-numbers-13-ordered-descending.txt.csv; descending;12.710950;60000;1799915323
data-set/60000-numbers-13-unordered.txt.csv; unordered;14.570510;60000;906194559
data-set/60000-numbers-14-ordered-ascending.txt.csv; ascending;4.377745;60000;59998
data-set/60000-numbers-14-ordered-descending.txt.csv; descending;12.347549;60000;1799915003
data-set/60000-numbers-14-unordered.txt.csv; unordered;14.565681;60000;899881548
data-set/60000-numbers-15-ordered-ascending.txt.csv; ascending;4.492978;60000;59998
data-set/60000-numbers-15-ordered-descending.txt.csv; descending;12.397069;60000;1799915203
data-set/60000-numbers-15-unordered.txt.csv; unordered;14.246449;60000;897258517
data-set/60000-numbers-16-ordered-ascending.txt.csv; ascending;4.806557;60000;59996
data-set/60000-numbers-16-ordered-descending.txt.csv; descending;12.618320;60000;1799914980
data-set/60000-numbers-16-unordered.txt.csv; unordered;14.394852;60000;901267231
data-set/60000-numbers-17-ordered-ascending.txt.csv; ascending;4.864423;60000;59994
data-set/60000-numbers-17-ordered-descending.txt.csv; descending;12.594255;60000;1799915279
data-set/60000-numbers-17-unordered.txt.csv; unordered;14.575726;60000;897274983
data-set/60000-numbers-18-ordered-ascending.txt.csv; ascending;4.857376;60000;59996
data-set/60000-numbers-18-ordered-descending.txt.csv; descending;12.608954;60000;1799915120
data-set/60000-numbers-18-unordered.txt.csv; unordered;13.709339;60000;896582802
data-set/60000-numbers-19-ordered-ascending.txt.csv; ascending;4.731397;60000;59996
data-set/60000-numbers-19-ordered-descending.txt.csv; descending;12.232825;60000;1799915180
data-set/60000-numbers-19-unordered.txt.csv; unordered;14.768126;60000;903423488
data-set/60000-numbers-2-ordered-ascending.txt.csv; ascending;4.815740;60000;59998
data-set/60000-numbers-2-ordered-descending.txt.csv; descending;12.523704;60000;1799915053
data-set/60000-numbers-2-unordered.txt.csv; unordered;14.428828;60000;899717262
data-set/60000-numbers-20-ordered-ascending.txt.csv; ascending;4.787060;60000;59998
data-set/60000-numbers-20-ordered-descending.txt.csv; descending;12.088412;60000;1799915197
data-set/60000-numbers-20-unordered.txt.csv; unordered;14.166229;60000;898651736
data-set/60000-numbers-21-ordered-ascending.txt.csv; ascending;4.730811;60000;59994
data-set/60000-numbers-21-ordered-descending.txt.csv; descending;12.158189;60000;1799915061
data-set/60000-numbers-21-unordered.txt.csv; unordered;14.042411;60000;902746766
data-set/60000-numbers-22-ordered-ascending.txt.csv; ascending;4.735840;60000;59997
data-set/60000-numbers-22-ordered-descending.txt.csv; descending;11.999054;60000;1799915287
data-set/60000-numbers-22-unordered.txt.csv; unordered;13.304163;60000;900640642
data-set/60000-numbers-23-ordered-ascending.txt.csv; ascending;4.739536;60000;59998
data-set/60000-numbers-23-ordered-descending.txt.csv; descending;12.253352;60000;1799915129
data-set/60000-numbers-23-unordered.txt.csv; unordered;14.330084;60000;897331321
data-set/60000-numbers-24-ordered-ascending.txt.csv; ascending;4.856445;60000;59998
data-set/60000-numbers-24-ordered-descending.txt.csv; descending;12.329742;60000;1799914978
data-set/60000-numbers-24-unordered.txt.csv; unordered;14.298543;60000;898039139
data-set/60000-numbers-25-ordered-ascending.txt.csv; ascending;4.780930;60000;59999
data-set/60000-numbers-25-ordered-descending.txt.csv; descending;12.534367;60000;1799915362
data-set/60000-numbers-25-unordered.txt.csv; unordered;13.459034;60000;903948759
data-set/60000-numbers-26-ordered-ascending.txt.csv; ascending;4.730888;60000;59996
data-set/60000-numbers-26-ordered-descending.txt.csv; descending;12.427534;60000;1799915299
data-set/60000-numbers-26-unordered.txt.csv; unordered;14.451985;60000;904054106
data-set/60000-numbers-27-ordered-ascending.txt.csv; ascending;4.802291;60000;59997
data-set/60000-numbers-27-ordered-descending.txt.csv; descending;12.423594;60000;1799915069
data-set/60000-numbers-27-unordered.txt.csv; unordered;14.058099;60000;900574821
data-set/60000-numbers-28-ordered-ascending.txt.csv; ascending;4.701734;60000;59998
data-set/60000-numbers-28-ordered-descending.txt.csv; descending;12.458552;60000;1799914918
data-set/60000-numbers-28-unordered.txt.csv; unordered;13.894540;60000;896005335
data-set/60000-numbers-29-ordered-ascending.txt.csv; ascending;4.658827;60000;59994
data-set/60000-numbers-29-ordered-descending.txt.csv; descending;12.432019;60000;1799915158
data-set/60000-numbers-29-unordered.txt.csv; unordered;14.434455;60000;903698868
data-set/60000-numbers-3-ordered-ascending.txt.csv; ascending;4.827154;60000;59995
data-set/60000-numbers-3-ordered-descending.txt.csv; descending;12.077694;60000;1799915053
data-set/60000-numbers-3-unordered.txt.csv; unordered;14.282276;60000;901307397
data-set/60000-numbers-4-ordered-ascending.txt.csv; ascending;4.857473;60000;59998
data-set/60000-numbers-4-ordered-descending.txt.csv; descending;12.418697;60000;1799914957
data-set/60000-numbers-4-unordered.txt.csv; unordered;13.948756;60000;897924150
data-set/60000-numbers-5-ordered-ascending.txt.csv; ascending;4.725721;60000;59996
data-set/60000-numbers-5-ordered-descending.txt.csv; descending;12.448693;60000;1799915153
data-set/60000-numbers-5-unordered.txt.csv; unordered;13.003914;60000;900966047
data-set/60000-numbers-6-ordered-ascending.txt.csv; ascending;4.654094;60000;59998
data-set/60000-numbers-6-ordered-descending.txt.csv; descending;12.041210;60000;1799915296
data-set/60000-numbers-6-unordered.txt.csv; unordered;13.855203;60000;895809299
data-set/60000-numbers-7-ordered-ascending.txt.csv; ascending;3.929332;60000;59996
data-set/60000-numbers-7-ordered-descending.txt.csv; descending;10.443184;60000;1799915450
data-set/60000-numbers-7-unordered.txt.csv; unordered;12.285439;60000;900899530
data-set/60000-numbers-8-ordered-ascending.txt.csv; ascending;3.941800;60000;59996
data-set/60000-numbers-8-ordered-descending.txt.csv; descending;10.422976;60000;1799914769
data-set/60000-numbers-8-unordered.txt.csv; unordered;12.224756;60000;899605856
data-set/60000-numbers-9-ordered-ascending.txt.csv; ascending;3.913307;60000;59995
data-set/60000-numbers-9-ordered-descending.txt.csv; descending;10.437684;60000;1799915231
data-set/60000-numbers-9-unordered.txt.csv; unordered;12.193114;60000;897397176
data-set/70000-numbers-0-ordered-ascending.txt.csv; ascending;5.271180;70000;69997
data-set/70000-numbers-0-ordered-descending.txt.csv; descending;14.229106;70000;-1845077597
data-set/70000-numbers-0-unordered.txt.csv; unordered;16.567556;70000;1223192736
data-set/70000-numbers-1-ordered-ascending.txt.csv; ascending;5.337160;70000;69997
data-set/70000-numbers-1-ordered-descending.txt.csv; descending;14.122974;70000;-1845077008
data-set/70000-numbers-1-unordered.txt.csv; unordered;16.590635;70000;1228066764
data-set/70000-numbers-10-ordered-ascending.txt.csv; ascending;5.276847;70000;69996
data-set/70000-numbers-10-ordered-descending.txt.csv; descending;14.164034;70000;-1845077088
data-set/70000-numbers-10-unordered.txt.csv; unordered;16.470358;70000;1227778301
data-set/70000-numbers-11-ordered-ascending.txt.csv; ascending;6.156512;70000;69999
data-set/70000-numbers-11-ordered-descending.txt.csv; descending;16.149075;70000;-1845076843
data-set/70000-numbers-11-unordered.txt.csv; unordered;18.385302;70000;1223829443
data-set/70000-numbers-12-ordered-ascending.txt.csv; ascending;6.523337;70000;69996
data-set/70000-numbers-12-ordered-descending.txt.csv; descending;17.587809;70000;-1845077290
data-set/70000-numbers-12-unordered.txt.csv; unordered;20.213116;70000;1223361968
data-set/70000-numbers-13-ordered-ascending.txt.csv; ascending;6.301212;70000;69997
data-set/70000-numbers-13-ordered-descending.txt.csv; descending;16.398590;70000;-1845076521
data-set/70000-numbers-13-unordered.txt.csv; unordered;19.310593;70000;1222507891
data-set/70000-numbers-14-ordered-ascending.txt.csv; ascending;6.585864;70000;69997
data-set/70000-numbers-14-ordered-descending.txt.csv; descending;16.457169;70000;-1845077370
data-set/70000-numbers-14-unordered.txt.csv; unordered;19.412659;70000;1219997941
data-set/70000-numbers-15-ordered-ascending.txt.csv; ascending;6.702243;70000;69999
data-set/70000-numbers-15-ordered-descending.txt.csv; descending;16.671324;70000;-1845076963
data-set/70000-numbers-15-unordered.txt.csv; unordered;19.315220;70000;1225188600
data-set/70000-numbers-16-ordered-ascending.txt.csv; ascending;5.644925;70000;69996
data-set/70000-numbers-16-ordered-descending.txt.csv; descending;14.175582;70000;-1845077036
data-set/70000-numbers-16-unordered.txt.csv; unordered;16.513231;70000;1221344731
data-set/70000-numbers-17-ordered-ascending.txt.csv; ascending;5.277294;70000;69996
data-set/70000-numbers-17-ordered-descending.txt.csv; descending;14.184957;70000;-1845076644
data-set/70000-numbers-17-unordered.txt.csv; unordered;16.493301;70000;1224930555
data-set/70000-numbers-18-ordered-ascending.txt.csv; ascending;5.292204;70000;69996
data-set/70000-numbers-18-ordered-descending.txt.csv; descending;13.627190;70000;-1845076887
data-set/70000-numbers-18-unordered.txt.csv; unordered;15.543714;70000;1227792088
data-set/70000-numbers-19-ordered-ascending.txt.csv; ascending;5.031291;70000;69998
data-set/70000-numbers-19-ordered-descending.txt.csv; descending;13.347809;70000;-1845076849
data-set/70000-numbers-19-unordered.txt.csv; unordered;15.499108;70000;1223218414
data-set/70000-numbers-2-ordered-ascending.txt.csv; ascending;4.989264;70000;69994
data-set/70000-numbers-2-ordered-descending.txt.csv; descending;13.312540;70000;-1845077181
data-set/70000-numbers-2-unordered.txt.csv; unordered;15.495726;70000;1227986401
data-set/70000-numbers-20-ordered-ascending.txt.csv; ascending;5.051264;70000;69999
data-set/70000-numbers-20-ordered-descending.txt.csv; descending;13.248829;70000;-1845076951
data-set/70000-numbers-20-unordered.txt.csv; unordered;15.463719;70000;1221425246
data-set/70000-numbers-21-ordered-ascending.txt.csv; ascending;5.014370;70000;69995
data-set/70000-numbers-21-ordered-descending.txt.csv; descending;13.301313;70000;-1845077114
data-set/70000-numbers-21-unordered.txt.csv; unordered;15.445597;70000;1231045163
data-set/70000-numbers-22-ordered-ascending.txt.csv; ascending;4.992445;70000;69994
data-set/70000-numbers-22-ordered-descending.txt.csv; descending;13.271572;70000;-1845076663
data-set/70000-numbers-22-unordered.txt.csv; unordered;15.237224;70000;1226267670
data-set/70000-numbers-23-ordered-ascending.txt.csv; ascending;4.968610;70000;69998
data-set/70000-numbers-23-ordered-descending.txt.csv; descending;13.254609;70000;-1845076676
data-set/70000-numbers-23-unordered.txt.csv; unordered;15.442727;70000;1226895096
data-set/70000-numbers-24-ordered-ascending.txt.csv; ascending;4.988621;70000;69997
data-set/70000-numbers-24-ordered-descending.txt.csv; descending;13.255291;70000;-1845076897
data-set/70000-numbers-24-unordered.txt.csv; unordered;15.442409;70000;1230874955
data-set/70000-numbers-25-ordered-ascending.txt.csv; ascending;5.021336;70000;69994
data-set/70000-numbers-25-ordered-descending.txt.csv; descending;13.218386;70000;-1845077106
data-set/70000-numbers-25-unordered.txt.csv; unordered;15.379727;70000;1225043318
data-set/70000-numbers-26-ordered-ascending.txt.csv; ascending;4.986950;70000;69997
data-set/70000-numbers-26-ordered-descending.txt.csv; descending;13.254302;70000;-1845077090
data-set/70000-numbers-26-unordered.txt.csv; unordered;15.231639;70000;1228800578
data-set/70000-numbers-27-ordered-ascending.txt.csv; ascending;4.964312;70000;69997
data-set/70000-numbers-27-ordered-descending.txt.csv; descending;13.238505;70000;-1845077255
data-set/70000-numbers-27-unordered.txt.csv; unordered;15.387108;70000;1225147227
data-set/70000-numbers-28-ordered-ascending.txt.csv; ascending;4.987441;70000;69996
data-set/70000-numbers-28-ordered-descending.txt.csv; descending;13.237973;70000;-1845077777
data-set/70000-numbers-28-unordered.txt.csv; unordered;15.394622;70000;1227921697
data-set/70000-numbers-29-ordered-ascending.txt.csv; ascending;4.972366;70000;69997
data-set/70000-numbers-29-ordered-descending.txt.csv; descending;13.242644;70000;-1845076723
data-set/70000-numbers-29-unordered.txt.csv; unordered;15.387045;70000;1225847708
data-set/70000-numbers-3-ordered-ascending.txt.csv; ascending;4.994152;70000;69998
data-set/70000-numbers-3-ordered-descending.txt.csv; descending;13.290166;70000;-1845076900
data-set/70000-numbers-3-unordered.txt.csv; unordered;15.380393;70000;1229232773
data-set/70000-numbers-4-ordered-ascending.txt.csv; ascending;4.958454;70000;69998
data-set/70000-numbers-4-ordered-descending.txt.csv; descending;13.224136;70000;-1845077195
data-set/70000-numbers-4-unordered.txt.csv; unordered;15.378321;70000;1226486077
data-set/70000-numbers-5-ordered-ascending.txt.csv; ascending;5.003696;70000;69997
data-set/70000-numbers-5-ordered-descending.txt.csv; descending;13.244408;70000;-1845077127
data-set/70000-numbers-5-unordered.txt.csv; unordered;15.383851;70000;1223206775
data-set/70000-numbers-6-ordered-ascending.txt.csv; ascending;5.035951;70000;69997
data-set/70000-numbers-6-ordered-descending.txt.csv; descending;13.214934;70000;-1845077153
data-set/70000-numbers-6-unordered.txt.csv; unordered;15.341643;70000;1220938799
data-set/70000-numbers-7-ordered-ascending.txt.csv; ascending;5.007519;70000;69995
data-set/70000-numbers-7-ordered-descending.txt.csv; descending;13.210462;70000;-1845077177
data-set/70000-numbers-7-unordered.txt.csv; unordered;15.868937;70000;1227820966
data-set/70000-numbers-8-ordered-ascending.txt.csv; ascending;5.098601;70000;69993
data-set/70000-numbers-8-ordered-descending.txt.csv; descending;13.691643;70000;-1845076735
data-set/70000-numbers-8-unordered.txt.csv; unordered;16.007128;70000;1228339081
data-set/70000-numbers-9-ordered-ascending.txt.csv; ascending;5.105435;70000;69999
data-set/70000-numbers-9-ordered-descending.txt.csv; descending;13.616085;70000;-1845076965
data-set/70000-numbers-9-unordered.txt.csv; unordered;16.224552;70000;1222059720
data-set/80000-numbers-0-ordered-ascending.txt.csv; ascending;6.785047;80000;79998
data-set/80000-numbers-0-ordered-descending.txt.csv; descending;17.745836;80000;-1095104809
data-set/80000-numbers-0-unordered.txt.csv; unordered;20.974470;80000;1604948950
data-set/80000-numbers-1-ordered-ascending.txt.csv; ascending;6.611431;80000;79993
data-set/80000-numbers-1-ordered-descending.txt.csv; descending;17.069265;80000;-1095105109
data-set/80000-numbers-1-unordered.txt.csv; unordered;20.034977;80000;1599395903
data-set/80000-numbers-10-ordered-ascending.txt.csv; ascending;6.543586;80000;79999
data-set/80000-numbers-10-ordered-descending.txt.csv; descending;17.071850;80000;-1095105371
data-set/80000-numbers-10-unordered.txt.csv; unordered;20.028744;80000;1597857161
data-set/80000-numbers-11-ordered-ascending.txt.csv; ascending;6.609075;80000;79999
data-set/80000-numbers-11-ordered-descending.txt.csv; descending;17.337002;80000;-1095105115
data-set/80000-numbers-11-unordered.txt.csv; unordered;20.020020;80000;1602612615
data-set/80000-numbers-12-ordered-ascending.txt.csv; ascending;6.575549;80000;79995
data-set/80000-numbers-12-ordered-descending.txt.csv; descending;17.813593;80000;-1095105099
data-set/80000-numbers-12-unordered.txt.csv; unordered;20.108515;80000;1602791168
data-set/80000-numbers-13-ordered-ascending.txt.csv; ascending;6.587848;80000;79996
data-set/80000-numbers-13-ordered-descending.txt.csv; descending;17.024172;80000;-1095105056
data-set/80000-numbers-13-unordered.txt.csv; unordered;20.000603;80000;1594630168
data-set/80000-numbers-14-ordered-ascending.txt.csv; ascending;6.545080;80000;79997
data-set/80000-numbers-14-ordered-descending.txt.csv; descending;17.404543;80000;-1095104877
data-set/80000-numbers-14-unordered.txt.csv; unordered;20.826279;80000;1597503229
data-set/80000-numbers-15-ordered-ascending.txt.csv; ascending;6.590303;80000;79993
data-set/80000-numbers-15-ordered-descending.txt.csv; descending;17.091343;80000;-1095104873
data-set/80000-numbers-15-unordered.txt.csv; unordered;20.089775;80000;1603866447
data-set/80000-numbers-16-ordered-ascending.txt.csv; ascending;6.547242;80000;79993
data-set/80000-numbers-16-ordered-descending.txt.csv; descending;17.138304;80000;-1095104807
data-set/80000-numbers-16-unordered.txt.csv; unordered;19.995781;80000;1603090459
data-set/80000-numbers-17-ordered-ascending.txt.csv; ascending;6.601615;80000;79996
data-set/80000-numbers-17-ordered-descending.txt.csv; descending;17.025724;80000;-1095105106
data-set/80000-numbers-17-unordered.txt.csv; unordered;19.846767;80000;1603426889
data-set/80000-numbers-18-ordered-ascending.txt.csv; ascending;6.716547;80000;79997
data-set/80000-numbers-18-ordered-descending.txt.csv; descending;17.615938;80000;-1095105219
data-set/80000-numbers-18-unordered.txt.csv; unordered;20.238810;80000;1604293686
data-set/80000-numbers-19-ordered-ascending.txt.csv; ascending;6.655492;80000;79998
data-set/80000-numbers-19-ordered-descending.txt.csv; descending;17.050810;80000;-1095105299
data-set/80000-numbers-19-unordered.txt.csv; unordered;20.004679;80000;1600542509
data-set/80000-numbers-2-ordered-ascending.txt.csv; ascending;6.712049;80000;79994
data-set/80000-numbers-2-ordered-descending.txt.csv; descending;17.634556;80000;-1095104491
data-set/80000-numbers-2-unordered.txt.csv; unordered;20.014633;80000;1598130565
data-set/80000-numbers-20-ordered-ascending.txt.csv; ascending;6.562426;80000;79995
data-set/80000-numbers-20-ordered-descending.txt.csv; descending;17.050564;80000;-1095104730
data-set/80000-numbers-20-unordered.txt.csv; unordered;20.025770;80000;1592826485
data-set/80000-numbers-21-ordered-ascending.txt.csv; ascending;6.555076;80000;79998
data-set/80000-numbers-21-ordered-descending.txt.csv; descending;17.560760;80000;-1095104839
data-set/80000-numbers-21-unordered.txt.csv; unordered;20.110460;80000;1597242170
data-set/80000-numbers-22-ordered-ascending.txt.csv; ascending;6.559604;80000;79998
data-set/80000-numbers-22-ordered-descending.txt.csv; descending;17.122898;80000;-1095104898
data-set/80000-numbers-22-unordered.txt.csv; unordered;19.987865;80000;1598394439
data-set/80000-numbers-23-ordered-ascending.txt.csv; ascending;6.614550;80000;79997
data-set/80000-numbers-23-ordered-descending.txt.csv; descending;17.415340;80000;-1095104929
data-set/80000-numbers-23-unordered.txt.csv; unordered;20.084881;80000;1597406139
data-set/80000-numbers-24-ordered-ascending.txt.csv; ascending;6.607501;80000;79997
data-set/80000-numbers-24-ordered-descending.txt.csv; descending;17.059198;80000;-1095104775
data-set/80000-numbers-24-unordered.txt.csv; unordered;20.662508;80000;1601606449
data-set/80000-numbers-25-ordered-ascending.txt.csv; ascending;6.663097;80000;79997
data-set/80000-numbers-25-ordered-descending.txt.csv; descending;17.180555;80000;-1095105226
data-set/80000-numbers-25-unordered.txt.csv; unordered;19.983360;80000;1608273907
data-set/80000-numbers-26-ordered-ascending.txt.csv; ascending;6.575550;80000;79997
data-set/80000-numbers-26-ordered-descending.txt.csv; descending;17.039869;80000;-1095104781
data-set/80000-numbers-26-unordered.txt.csv; unordered;20.571384;80000;1601967962
data-set/80000-numbers-27-ordered-ascending.txt.csv; ascending;6.618599;80000;79999
data-set/80000-numbers-27-ordered-descending.txt.csv; descending;17.105282;80000;-1095104974
data-set/80000-numbers-27-unordered.txt.csv; unordered;20.033503;80000;1598330964
data-set/80000-numbers-28-ordered-ascending.txt.csv; ascending;6.576630;80000;79998
data-set/80000-numbers-28-ordered-descending.txt.csv; descending;17.428801;80000;-1095104838
data-set/80000-numbers-28-unordered.txt.csv; unordered;19.980848;80000;1603488189
data-set/80000-numbers-29-ordered-ascending.txt.csv; ascending;6.585536;80000;79998
data-set/80000-numbers-29-ordered-descending.txt.csv; descending;17.009598;80000;-1095104667
data-set/80000-numbers-29-unordered.txt.csv; unordered;20.364639;80000;1603172645
data-set/80000-numbers-3-ordered-ascending.txt.csv; ascending;6.619087;80000;79996
data-set/80000-numbers-3-ordered-descending.txt.csv; descending;17.087519;80000;-1095104711
data-set/80000-numbers-3-unordered.txt.csv; unordered;19.776533;80000;1593850701
data-set/80000-numbers-4-ordered-ascending.txt.csv; ascending;6.578755;80000;79999
data-set/80000-numbers-4-ordered-descending.txt.csv; descending;17.615507;80000;-1095104391
data-set/80000-numbers-4-unordered.txt.csv; unordered;20.104029;80000;1602313581
data-set/80000-numbers-5-ordered-ascending.txt.csv; ascending;6.580053;80000;79997
data-set/80000-numbers-5-ordered-descending.txt.csv; descending;17.075052;80000;-1095104610
data-set/80000-numbers-5-unordered.txt.csv; unordered;20.583832;80000;1602807115
data-set/80000-numbers-6-ordered-ascending.txt.csv; ascending;6.581624;80000;79998
data-set/80000-numbers-6-ordered-descending.txt.csv; descending;17.088060;80000;-1095105037
data-set/80000-numbers-6-unordered.txt.csv; unordered;19.821861;80000;1608909133
data-set/80000-numbers-7-ordered-ascending.txt.csv; ascending;6.567781;80000;79995
data-set/80000-numbers-7-ordered-descending.txt.csv; descending;17.359053;80000;-1095104452
data-set/80000-numbers-7-unordered.txt.csv; unordered;20.056303;80000;1595934943
data-set/80000-numbers-8-ordered-ascending.txt.csv; ascending;6.551655;80000;79998
data-set/80000-numbers-8-ordered-descending.txt.csv; descending;17.453840;80000;-1095105014
data-set/80000-numbers-8-unordered.txt.csv; unordered;20.714750;80000;1596768100
data-set/80000-numbers-9-ordered-ascending.txt.csv; ascending;6.557948;80000;79995
data-set/80000-numbers-9-ordered-descending.txt.csv; descending;17.024752;80000;-1095104962
data-set/80000-numbers-9-unordered.txt.csv; unordered;20.062017;80000;1597778926
data-set/90000-numbers-0-ordered-ascending.txt.csv; ascending;8.395020;90000;89997
data-set/90000-numbers-0-ordered-descending.txt.csv; descending;22.203228;90000;-245135686
data-set/90000-numbers-0-unordered.txt.csv; unordered;25.267262;90000;2026300078
data-set/90000-numbers-1-ordered-ascending.txt.csv; ascending;8.260175;90000;89997
data-set/90000-numbers-1-ordered-descending.txt.csv; descending;21.611904;90000;-245136083
data-set/90000-numbers-1-unordered.txt.csv; unordered;25.222113;90000;2032887773
data-set/90000-numbers-10-ordered-ascending.txt.csv; ascending;8.436998;90000;89994
data-set/90000-numbers-10-ordered-descending.txt.csv; descending;21.676483;90000;-245135725
data-set/90000-numbers-10-unordered.txt.csv; unordered;25.236956;90000;2022324797
data-set/90000-numbers-11-ordered-ascending.txt.csv; ascending;8.215026;90000;89995
data-set/90000-numbers-11-ordered-descending.txt.csv; descending;21.498657;90000;-245135831
data-set/90000-numbers-11-unordered.txt.csv; unordered;26.243544;90000;2033969956
data-set/90000-numbers-12-ordered-ascending.txt.csv; ascending;8.583233;90000;89997
data-set/90000-numbers-12-ordered-descending.txt.csv; descending;22.887278;90000;-245135453
data-set/90000-numbers-12-unordered.txt.csv; unordered;25.155333;90000;2019383203
data-set/90000-numbers-13-ordered-ascending.txt.csv; ascending;8.299711;90000;89995
data-set/90000-numbers-13-ordered-descending.txt.csv; descending;21.424217;90000;-245135731
data-set/90000-numbers-13-unordered.txt.csv; unordered;25.271267;90000;2028587042
data-set/90000-numbers-14-ordered-ascending.txt.csv; ascending;8.377800;90000;89999
data-set/90000-numbers-14-ordered-descending.txt.csv; descending;21.850786;90000;-245135920
data-set/90000-numbers-14-unordered.txt.csv; unordered;25.232407;90000;2029877091
data-set/90000-numbers-15-ordered-ascending.txt.csv; ascending;8.225129;90000;89995
data-set/90000-numbers-15-ordered-descending.txt.csv; descending;22.155357;90000;-245135668
data-set/90000-numbers-15-unordered.txt.csv; unordered;25.469776;90000;2026590679
data-set/90000-numbers-16-ordered-ascending.txt.csv; ascending;8.228076;90000;89999
data-set/90000-numbers-16-ordered-descending.txt.csv; descending;22.150711;90000;-245136116
data-set/90000-numbers-16-unordered.txt.csv; unordered;26.057003;90000;2029228758
data-set/90000-numbers-17-ordered-ascending.txt.csv; ascending;8.318032;90000;89998
data-set/90000-numbers-17-ordered-descending.txt.csv; descending;21.437237;90000;-245135184
data-set/90000-numbers-17-unordered.txt.csv; unordered;25.221975;90000;2023912338
data-set/90000-numbers-18-ordered-ascending.txt.csv; ascending;8.308836;90000;89994
data-set/90000-numbers-18-ordered-descending.txt.csv; descending;23.393003;90000;-245136235
data-set/90000-numbers-18-unordered.txt.csv; unordered;25.636599;90000;2023838661
data-set/90000-numbers-19-ordered-ascending.txt.csv; ascending;8.257750;90000;89994
data-set/90000-numbers-19-ordered-descending.txt.csv; descending;21.563810;90000;-245135457
data-set/90000-numbers-19-unordered.txt.csv; unordered;25.221804;90000;2028472407
data-set/90000-numbers-2-ordered-ascending.txt.csv; ascending;8.296757;90000;89997
data-set/90000-numbers-2-ordered-descending.txt.csv; descending;22.067368;90000;-245135811
data-set/90000-numbers-2-unordered.txt.csv; unordered;25.233608;90000;2018531695
data-set/90000-numbers-20-ordered-ascending.txt.csv; ascending;8.277638;90000;89998
data-set/90000-numbers-20-ordered-descending.txt.csv; descending;21.958811;90000;-245135633
data-set/90000-numbers-20-unordered.txt.csv; unordered;25.264227;90000;2025693799
data-set/90000-numbers-21-ordered-ascending.txt.csv; ascending;8.494812;90000;89995
data-set/90000-numbers-21-ordered-descending.txt.csv; descending;22.687666;90000;-245136351
data-set/90000-numbers-21-unordered.txt.csv; unordered;25.350393;90000;2026073058
data-set/90000-numbers-22-ordered-ascending.txt.csv; ascending;8.244049;90000;89998
data-set/90000-numbers-22-ordered-descending.txt.csv; descending;21.780390;90000;-245135430
data-set/90000-numbers-22-unordered.txt.csv; unordered;26.253584;90000;2027271739
data-set/90000-numbers-23-ordered-ascending.txt.csv; ascending;8.563181;90000;89997
data-set/90000-numbers-23-ordered-descending.txt.csv; descending;21.657490;90000;-245135175
data-set/90000-numbers-23-unordered.txt.csv; unordered;25.188530;90000;2025793808
data-set/90000-numbers-24-ordered-ascending.txt.csv; ascending;8.293785;90000;89998
data-set/90000-numbers-24-ordered-descending.txt.csv; descending;21.925297;90000;-245135957
data-set/90000-numbers-24-unordered.txt.csv; unordered;25.226080;90000;2028510775
data-set/90000-numbers-25-ordered-ascending.txt.csv; ascending;8.244802;90000;89996
data-set/90000-numbers-25-ordered-descending.txt.csv; descending;21.624287;90000;-245136197
data-set/90000-numbers-25-unordered.txt.csv; unordered;25.877504;90000;2019911697
data-set/90000-numbers-26-ordered-ascending.txt.csv; ascending;8.551691;90000;89995
data-set/90000-numbers-26-ordered-descending.txt.csv; descending;21.952946;90000;-245135715
data-set/90000-numbers-26-unordered.txt.csv; unordered;25.285778;90000;2032164950
data-set/90000-numbers-27-ordered-ascending.txt.csv; ascending;8.315860;90000;89994
data-set/90000-numbers-27-ordered-descending.txt.csv; descending;21.378294;90000;-245135902
data-set/90000-numbers-27-unordered.txt.csv; unordered;26.205303;90000;2022563291
data-set/90000-numbers-28-ordered-ascending.txt.csv; ascending;8.538637;90000;89997
data-set/90000-numbers-28-ordered-descending.txt.csv; descending;21.501734;90000;-245135962
data-set/90000-numbers-28-unordered.txt.csv; unordered;25.183817;90000;2025942635
data-set/90000-numbers-29-ordered-ascending.txt.csv; ascending;8.227488;90000;89997
data-set/90000-numbers-29-ordered-descending.txt.csv; descending;21.407755;90000;-245136091
data-set/90000-numbers-29-unordered.txt.csv; unordered;25.570133;90000;2028484035
data-set/90000-numbers-3-ordered-ascending.txt.csv; ascending;8.311271;90000;89996
data-set/90000-numbers-3-ordered-descending.txt.csv; descending;21.442270;90000;-245136380
data-set/90000-numbers-3-unordered.txt.csv; unordered;25.166086;90000;2020732661
data-set/90000-numbers-4-ordered-ascending.txt.csv; ascending;8.230940;90000;89997
data-set/90000-numbers-4-ordered-descending.txt.csv; descending;21.964727;90000;-245135696
data-set/90000-numbers-4-unordered.txt.csv; unordered;25.334578;90000;2031413619
data-set/90000-numbers-5-ordered-ascending.txt.csv; ascending;8.309942;90000;89995
data-set/90000-numbers-5-ordered-descending.txt.csv; descending;22.004162;90000;-245136190
data-set/90000-numbers-5-unordered.txt.csv; unordered;25.431398;90000;2023891719
data-set/90000-numbers-6-ordered-ascending.txt.csv; ascending;8.479580;90000;89996
data-set/90000-numbers-6-ordered-descending.txt.csv; descending;21.529890;90000;-245135802
data-set/90000-numbers-6-unordered.txt.csv; unordered;25.444927;90000;2034391592
data-set/90000-numbers-7-ordered-ascending.txt.csv; ascending;8.316804;90000;89997
data-set/90000-numbers-7-ordered-descending.txt.csv; descending;21.441973;90000;-245136573
data-set/90000-numbers-7-unordered.txt.csv; unordered;25.386906;90000;2029637744
data-set/90000-numbers-8-ordered-ascending.txt.csv; ascending;8.416733;90000;89997
data-set/90000-numbers-8-ordered-descending.txt.csv; descending;22.456511;90000;-245135948
data-set/90000-numbers-8-unordered.txt.csv; unordered;25.250542;90000;2021074039
data-set/90000-numbers-9-ordered-ascending.txt.csv; ascending;8.213925;90000;89996
data-set/90000-numbers-9-ordered-descending.txt.csv; descending;21.844101;90000;-245136198
data-set/90000-numbers-9-unordered.txt.csv; unordered;25.265829;90000;2023423761