FileName, KnownNumberArrangement, SecondsElapsed, NumberCount, OperationCount\n
10000-numbers-0-ordered-ascending.txt.csv, 1, 0.000062,10000,9999
10000-numbers-0-ordered-descending.txt.csv, -1, 0.143464,10000,49993475
10000-numbers-0-unordered.txt.csv, 0, 0.070033,10000,24767630
10000-numbers-1-ordered-ascending.txt.csv, 1, 0.000061,10000,9999
10000-numbers-1-ordered-descending.txt.csv, -1, 0.133577,10000,49993465
10000-numbers-1-unordered.txt.csv, 0, 0.068812,10000,24995666
10000-numbers-10-ordered-ascending.txt.csv, 1, 0.000060,10000,9999
10000-numbers-10-ordered-descending.txt.csv, -1, 0.133654,10000,49993496
10000-numbers-10-unordered.txt.csv, 0, 0.082123,10000,24648780
10000-numbers-11-ordered-ascending.txt.csv, 1, 0.000078,10000,9999
10000-numbers-11-ordered-descending.txt.csv, -1, 0.160668,10000,49993490
10000-numbers-11-unordered.txt.csv, 0, 0.066543,10000,25103273
10000-numbers-12-ordered-ascending.txt.csv, 1, 0.000060,10000,9998
10000-numbers-12-ordered-descending.txt.csv, -1, 0.138548,10000,49993477
10000-numbers-12-unordered.txt.csv, 0, 0.096451,10000,25216828
10000-numbers-13-ordered-ascending.txt.csv, 1, 0.000080,10000,9999
10000-numbers-13-ordered-descending.txt.csv, -1, 0.179923,10000,49993537
10000-numbers-13-unordered.txt.csv, 0, 0.069152,10000,24890629
10000-numbers-14-ordered-ascending.txt.csv, 1, 0.000066,10000,9997
10000-numbers-14-ordered-descending.txt.csv, -1, 0.140491,10000,49993494
10000-numbers-14-unordered.txt.csv, 0, 0.110925,10000,24522318
10000-numbers-15-ordered-ascending.txt.csv, 1, 0.000119,10000,9999
10000-numbers-15-ordered-descending.txt.csv, -1, 0.155902,10000,49993446
10000-numbers-15-unordered.txt.csv, 0, 0.068265,10000,24725087
10000-numbers-16-ordered-ascending.txt.csv, 1, 0.000068,10000,9999
10000-numbers-16-ordered-descending.txt.csv, -1, 0.170994,10000,49993511
10000-numbers-16-unordered.txt.csv, 0, 0.090785,10000,25194185
10000-numbers-17-ordered-ascending.txt.csv, 1, 0.000078,10000,9999
10000-numbers-17-ordered-descending.txt.csv, -1, 0.160252,10000,49993474
10000-numbers-17-unordered.txt.csv, 0, 0.100633,10000,24745724
10000-numbers-18-ordered-ascending.txt.csv, 1, 0.000079,10000,9999
10000-numbers-18-ordered-descending.txt.csv, -1, 0.175104,10000,49993430
10000-numbers-18-unordered.txt.csv, 0, 0.068950,10000,24709527
10000-numbers-19-ordered-ascending.txt.csv, 1, 0.000062,10000,9999
10000-numbers-19-ordered-descending.txt.csv, -1, 0.134672,10000,49993492
10000-numbers-19-unordered.txt.csv, 0, 0.068167,10000,24754325
10000-numbers-2-ordered-ascending.txt.csv, 1, 0.000063,10000,9999
10000-numbers-2-ordered-descending.txt.csv, -1, 0.135225,10000,49993434
10000-numbers-2-unordered.txt.csv, 0, 0.068031,10000,24931439
10000-numbers-20-ordered-ascending.txt.csv, 1, 0.000061,10000,9999
10000-numbers-20-ordered-descending.txt.csv, -1, 0.137127,10000,49993418
10000-numbers-20-unordered.txt.csv, 0, 0.067532,10000,24954859
10000-numbers-21-ordered-ascending.txt.csv, 1, 0.000060,10000,9999
10000-numbers-21-ordered-descending.txt.csv, -1, 0.134537,10000,49993485
10000-numbers-21-unordered.txt.csv, 0, 0.071460,10000,24822171
10000-numbers-22-ordered-ascending.txt.csv, 1, 0.000102,10000,9999
10000-numbers-22-ordered-descending.txt.csv, -1, 0.176989,10000,49993429
10000-numbers-22-unordered.txt.csv, 0, 0.073671,10000,25194193
10000-numbers-23-ordered-ascending.txt.csv, 1, 0.000062,10000,9998
10000-numbers-23-ordered-descending.txt.csv, -1, 0.160712,10000,49993431
10000-numbers-23-unordered.txt.csv, 0, 0.089643,10000,25161851
10000-numbers-24-ordered-ascending.txt.csv, 1, 0.000078,10000,9998
10000-numbers-24-ordered-descending.txt.csv, -1, 0.155708,10000,49993459
10000-numbers-24-unordered.txt.csv, 0, 0.084775,10000,25195166
10000-numbers-25-ordered-ascending.txt.csv, 1, 0.000062,10000,9998
10000-numbers-25-ordered-descending.txt.csv, -1, 0.177152,10000,49993432
10000-numbers-25-unordered.txt.csv, 0, 0.080112,10000,25224526
10000-numbers-26-ordered-ascending.txt.csv, 1, 0.000067,10000,9998
10000-numbers-26-ordered-descending.txt.csv, -1, 0.136390,10000,49993503
10000-numbers-26-unordered.txt.csv, 0, 0.082465,10000,24759647
10000-numbers-27-ordered-ascending.txt.csv, 1, 0.000062,10000,9999
10000-numbers-27-ordered-descending.txt.csv, -1, 0.151235,10000,49993480
10000-numbers-27-unordered.txt.csv, 0, 0.069236,10000,24993427
10000-numbers-28-ordered-ascending.txt.csv, 1, 0.000064,10000,9998
10000-numbers-28-ordered-descending.txt.csv, -1, 0.137644,10000,49993439
10000-numbers-28-unordered.txt.csv, 0, 0.093836,10000,25078976
10000-numbers-29-ordered-ascending.txt.csv, 1, 0.000078,10000,9999
10000-numbers-29-ordered-descending.txt.csv, -1, 0.175802,10000,49993483
10000-numbers-29-unordered.txt.csv, 0, 0.076219,10000,25063938
10000-numbers-3-ordered-ascending.txt.csv, 1, 0.000075,10000,9999
10000-numbers-3-ordered-descending.txt.csv, -1, 0.187219,10000,49993449
10000-numbers-3-unordered.txt.csv, 0, 0.119024,10000,25034760
10000-numbers-4-ordered-ascending.txt.csv, 1, 0.000080,10000,9998
10000-numbers-4-ordered-descending.txt.csv, -1, 0.157892,10000,49993514
10000-numbers-4-unordered.txt.csv, 0, 0.068757,10000,24701920
10000-numbers-5-ordered-ascending.txt.csv, 1, 0.000085,10000,9999
10000-numbers-5-ordered-descending.txt.csv, -1, 0.194369,10000,49993545
10000-numbers-5-unordered.txt.csv, 0, 0.082722,10000,25158077
10000-numbers-6-ordered-ascending.txt.csv, 1, 0.000071,10000,9999
10000-numbers-6-ordered-descending.txt.csv, -1, 0.142337,10000,49993492
10000-numbers-6-unordered.txt.csv, 0, 0.079888,10000,25011035
10000-numbers-7-ordered-ascending.txt.csv, 1, 0.000128,10000,9998
10000-numbers-7-ordered-descending.txt.csv, -1, 0.179749,10000,49993418
10000-numbers-7-unordered.txt.csv, 0, 0.066853,10000,25113117
10000-numbers-8-ordered-ascending.txt.csv, 1, 0.000062,10000,9998
10000-numbers-8-ordered-descending.txt.csv, -1, 0.144820,10000,49993491
10000-numbers-8-unordered.txt.csv, 0, 0.098114,10000,24829054
10000-numbers-9-ordered-ascending.txt.csv, 1, 0.000064,10000,9999
10000-numbers-9-ordered-descending.txt.csv, -1, 0.178666,10000,49993536
10000-numbers-9-unordered.txt.csv, 0, 0.080661,10000,25198437
100000-numbers-0-ordered-ascending.txt.csv, 1, 0.000695,100000,99996
100000-numbers-0-ordered-descending.txt.csv, -1, 14.636060,100000,704829749
100000-numbers-0-unordered.txt.csv, 0, 7.153479,100000,-1788210091
100000-numbers-1-ordered-ascending.txt.csv, 1, 0.000616,100000,99998
100000-numbers-1-ordered-descending.txt.csv, -1, 14.645244,100000,704830067
100000-numbers-1-unordered.txt.csv, 0, 7.127191,100000,-1801747756
100000-numbers-10-ordered-ascending.txt.csv, 1, 0.000596,100000,99996
100000-numbers-10-ordered-descending.txt.csv, -1, 13.886183,100000,704829972
100000-numbers-10-unordered.txt.csv, 0, 7.171035,100000,-1802507326
100000-numbers-11-ordered-ascending.txt.csv, 1, 0.000643,100000,99997
100000-numbers-11-ordered-descending.txt.csv, -1, 14.862290,100000,704830282
100000-numbers-11-unordered.txt.csv, 0, 6.984925,100000,-1801943452
100000-numbers-12-ordered-ascending.txt.csv, 1, 0.000630,100000,99992
100000-numbers-12-ordered-descending.txt.csv, -1, 14.473884,100000,704829863
100000-numbers-12-unordered.txt.csv, 0, 7.165622,100000,-1790229465
100000-numbers-13-ordered-ascending.txt.csv, 1, 0.000629,100000,99997
100000-numbers-13-ordered-descending.txt.csv, -1, 15.435075,100000,704830061
100000-numbers-13-unordered.txt.csv, 0, 6.960619,100000,-1800457957
100000-numbers-14-ordered-ascending.txt.csv, 1, 0.000637,100000,99998
100000-numbers-14-ordered-descending.txt.csv, -1, 13.931931,100000,704830868
100000-numbers-14-unordered.txt.csv, 0, 7.056177,100000,-1791795209
100000-numbers-15-ordered-ascending.txt.csv, 1, 0.000620,100000,99997
100000-numbers-15-ordered-descending.txt.csv, -1, 14.017746,100000,704830307
100000-numbers-15-unordered.txt.csv, 0, 7.048919,100000,-1798775956
100000-numbers-16-ordered-ascending.txt.csv, 1, 0.000616,100000,99999
100000-numbers-16-ordered-descending.txt.csv, -1, 14.846550,100000,704829818
100000-numbers-16-unordered.txt.csv, 0, 7.162783,100000,-1789161129
100000-numbers-17-ordered-ascending.txt.csv, 1, 0.000633,100000,99993
100000-numbers-17-ordered-descending.txt.csv, -1, 14.956720,100000,704830394
100000-numbers-17-unordered.txt.csv, 0, 7.400586,100000,-1794019910
100000-numbers-18-ordered-ascending.txt.csv, 1, 0.000594,100000,99995
100000-numbers-18-ordered-descending.txt.csv, -1, 14.317134,100000,704830336
100000-numbers-18-unordered.txt.csv, 0, 6.819949,100000,-1788817477
100000-numbers-19-ordered-ascending.txt.csv, 1, 0.000631,100000,99998
100000-numbers-19-ordered-descending.txt.csv, -1, 14.277148,100000,704830423
100000-numbers-19-unordered.txt.csv, 0, 6.855388,100000,-1797266040
100000-numbers-2-ordered-ascending.txt.csv, 1, 0.000637,100000,99997
100000-numbers-2-ordered-descending.txt.csv, -1, 14.619773,100000,704829931
100000-numbers-2-unordered.txt.csv, 0, 7.234633,100000,-1787064886
100000-numbers-20-ordered-ascending.txt.csv, 1, 0.000629,100000,99995
100000-numbers-20-ordered-descending.txt.csv, -1, 14.512882,100000,704830391
100000-numbers-20-unordered.txt.csv, 0, 6.757136,100000,-1796848962
100000-numbers-21-ordered-ascending.txt.csv, 1, 0.001014,100000,99994
100000-numbers-21-ordered-descending.txt.csv, -1, 14.325520,100000,704830454
100000-numbers-21-unordered.txt.csv, 0, 6.914977,100000,-1793809924
100000-numbers-22-ordered-ascending.txt.csv, 1, 0.001411,100000,99994
100000-numbers-22-ordered-descending.txt.csv, -1, 14.659726,100000,704829437
100000-numbers-22-unordered.txt.csv, 0, 6.777072,100000,-1795173032
100000-numbers-23-ordered-ascending.txt.csv, 1, 0.000613,100000,99998
100000-numbers-23-ordered-descending.txt.csv, -1, 14.401469,100000,704829898
100000-numbers-23-unordered.txt.csv, 0, 7.093286,100000,-1790854863
100000-numbers-24-ordered-ascending.txt.csv, 1, 0.001014,100000,99994
100000-numbers-24-ordered-descending.txt.csv, -1, 14.694798,100000,704829286
100000-numbers-24-unordered.txt.csv, 0, 6.955535,100000,-1785504849
100000-numbers-25-ordered-ascending.txt.csv, 1, 0.000597,100000,99998
100000-numbers-25-ordered-descending.txt.csv, -1, 13.665700,100000,704829855
100000-numbers-25-unordered.txt.csv, 0, 7.249249,100000,-1783649812
100000-numbers-26-ordered-ascending.txt.csv, 1, 0.000701,100000,99996
100000-numbers-26-ordered-descending.txt.csv, -1, 13.976403,100000,704829535
100000-numbers-26-unordered.txt.csv, 0, 7.348760,100000,-1786209462
100000-numbers-27-ordered-ascending.txt.csv, 1, 0.000622,100000,99996
100000-numbers-27-ordered-descending.txt.csv, -1, 13.605338,100000,704830364
100000-numbers-27-unordered.txt.csv, 0, 6.931837,100000,-1798616363
100000-numbers-28-ordered-ascending.txt.csv, 1, 0.000608,100000,99996
100000-numbers-28-ordered-descending.txt.csv, -1, 13.668995,100000,704830342
100000-numbers-28-unordered.txt.csv, 0, 7.047282,100000,-1790607968
100000-numbers-29-ordered-ascending.txt.csv, 1, 0.001089,100000,99994
100000-numbers-29-ordered-descending.txt.csv, -1, 14.487154,100000,704829477
100000-numbers-29-unordered.txt.csv, 0, 6.911639,100000,-1797897384
100000-numbers-3-ordered-ascending.txt.csv, 1, 0.000592,100000,99998
100000-numbers-3-ordered-descending.txt.csv, -1, 14.366929,100000,704830112
100000-numbers-3-unordered.txt.csv, 0, 7.279092,100000,-1792647016
100000-numbers-4-ordered-ascending.txt.csv, 1, 0.000593,100000,99994
100000-numbers-4-ordered-descending.txt.csv, -1, 13.739186,100000,704830389
100000-numbers-4-unordered.txt.csv, 0, 6.708910,100000,-1797716371
100000-numbers-5-ordered-ascending.txt.csv, 1, 0.000637,100000,99997
100000-numbers-5-ordered-descending.txt.csv, -1, 13.481014,100000,704830030
100000-numbers-5-unordered.txt.csv, 0, 6.695895,100000,-1798263722
100000-numbers-6-ordered-ascending.txt.csv, 1, 0.000614,100000,99995
100000-numbers-6-ordered-descending.txt.csv, -1, 13.403974,100000,704830000
100000-numbers-6-unordered.txt.csv, 0, 6.676477,100000,-1802662350
100000-numbers-7-ordered-ascending.txt.csv, 1, 0.000786,100000,99995
100000-numbers-7-ordered-descending.txt.csv, -1, 13.424467,100000,704830134
100000-numbers-7-unordered.txt.csv, 0, 6.997160,100000,-1787331711
100000-numbers-8-ordered-ascending.txt.csv, 1, 0.000637,100000,99998
100000-numbers-8-ordered-descending.txt.csv, -1, 13.989490,100000,704830861
100000-numbers-8-unordered.txt.csv, 0, 6.847994,100000,-1800047367
100000-numbers-9-ordered-ascending.txt.csv, 1, 0.000604,100000,99995
100000-numbers-9-ordered-descending.txt.csv, -1, 13.668672,100000,704829587
100000-numbers-9-unordered.txt.csv, 0, 6.832024,100000,-1803761628
20000-numbers-0-ordered-ascending.txt.csv, 1, 0.000135,20000,19999
20000-numbers-0-ordered-descending.txt.csv, -1, 0.566157,20000,199983921
20000-numbers-0-unordered.txt.csv, 0, 0.275445,20000,100564332
20000-numbers-1-ordered-ascending.txt.csv, 1, 0.000125,20000,19999
20000-numbers-1-ordered-descending.txt.csv, -1, 0.557751,20000,199983801
20000-numbers-1-unordered.txt.csv, 0, 0.297034,20000,100509262
20000-numbers-10-ordered-ascending.txt.csv, 1, 0.000147,20000,19999
20000-numbers-10-ordered-descending.txt.csv, -1, 0.580352,20000,199983878
20000-numbers-10-unordered.txt.csv, 0, 0.306648,20000,100332918
20000-numbers-11-ordered-ascending.txt.csv, 1, 0.000163,20000,19998
20000-numbers-11-ordered-descending.txt.csv, -1, 0.599269,20000,199983857
20000-numbers-11-unordered.txt.csv, 0, 0.292301,20000,99319280
20000-numbers-12-ordered-ascending.txt.csv, 1, 0.000126,20000,19999
20000-numbers-12-ordered-descending.txt.csv, -1, 0.593352,20000,199983769
20000-numbers-12-unordered.txt.csv, 0, 0.290329,20000,100386096
20000-numbers-13-ordered-ascending.txt.csv, 1, 0.000149,20000,19999
20000-numbers-13-ordered-descending.txt.csv, -1, 0.577769,20000,199983925
20000-numbers-13-unordered.txt.csv, 0, 0.287986,20000,100248574
20000-numbers-14-ordered-ascending.txt.csv, 1, 0.000122,20000,19996
20000-numbers-14-ordered-descending.txt.csv, -1, 0.621504,20000,199984039
20000-numbers-14-unordered.txt.csv, 0, 0.286752,20000,100990867
20000-numbers-15-ordered-ascending.txt.csv, 1, 0.000127,20000,19999
20000-numbers-15-ordered-descending.txt.csv, -1, 0.575568,20000,199983969
20000-numbers-15-unordered.txt.csv, 0, 0.322530,20000,100293196
20000-numbers-16-ordered-ascending.txt.csv, 1, 0.000134,20000,19997
20000-numbers-16-ordered-descending.txt.csv, -1, 0.595823,20000,199983930
20000-numbers-16-unordered.txt.csv, 0, 0.305200,20000,100360858
20000-numbers-17-ordered-ascending.txt.csv, 1, 0.000130,20000,19998
20000-numbers-17-ordered-descending.txt.csv, -1, 0.579061,20000,199983884
20000-numbers-17-unordered.txt.csv, 0, 0.290817,20000,99423846
20000-numbers-18-ordered-ascending.txt.csv, 1, 0.000149,20000,19998
20000-numbers-18-ordered-descending.txt.csv, -1, 0.602682,20000,199983968
20000-numbers-18-unordered.txt.csv, 0, 0.285123,20000,99625055
20000-numbers-19-ordered-ascending.txt.csv, 1, 0.000139,20000,19999
20000-numbers-19-ordered-descending.txt.csv, -1, 0.575053,20000,199983851
20000-numbers-19-unordered.txt.csv, 0, 0.286699,20000,100577793
20000-numbers-2-ordered-ascending.txt.csv, 1, 0.000142,20000,19998
20000-numbers-2-ordered-descending.txt.csv, -1, 0.612019,20000,199983979
20000-numbers-2-unordered.txt.csv, 0, 0.279525,20000,99253678
20000-numbers-20-ordered-ascending.txt.csv, 1, 0.000123,20000,19999
20000-numbers-20-ordered-descending.txt.csv, -1, 0.597370,20000,199983975
20000-numbers-20-unordered.txt.csv, 0, 0.288214,20000,100840783
20000-numbers-21-ordered-ascending.txt.csv, 1, 0.000138,20000,19999
20000-numbers-21-ordered-descending.txt.csv, -1, 0.605902,20000,199983953
20000-numbers-21-unordered.txt.csv, 0, 0.302161,20000,100314885
20000-numbers-22-ordered-ascending.txt.csv, 1, 0.000127,20000,19998
20000-numbers-22-ordered-descending.txt.csv, -1, 0.606350,20000,199984039
20000-numbers-22-unordered.txt.csv, 0, 0.308283,20000,101320230
20000-numbers-23-ordered-ascending.txt.csv, 1, 0.000130,20000,19998
20000-numbers-23-ordered-descending.txt.csv, -1, 0.584606,20000,199984011
20000-numbers-23-unordered.txt.csv, 0, 0.295706,20000,100087295
20000-numbers-24-ordered-ascending.txt.csv, 1, 0.000144,20000,19997
20000-numbers-24-ordered-descending.txt.csv, -1, 0.587195,20000,199983832
20000-numbers-24-unordered.txt.csv, 0, 0.288755,20000,100444336
20000-numbers-25-ordered-ascending.txt.csv, 1, 0.000182,20000,19999
20000-numbers-25-ordered-descending.txt.csv, -1, 0.581998,20000,199983894
20000-numbers-25-unordered.txt.csv, 0, 0.287285,20000,99914340
20000-numbers-26-ordered-ascending.txt.csv, 1, 0.000139,20000,19999
20000-numbers-26-ordered-descending.txt.csv, -1, 0.627023,20000,199983919
20000-numbers-26-unordered.txt.csv, 0, 0.281570,20000,100358365
20000-numbers-27-ordered-ascending.txt.csv, 1, 0.000192,20000,19999
20000-numbers-27-ordered-descending.txt.csv, -1, 0.601456,20000,199983971
20000-numbers-27-unordered.txt.csv, 0, 0.280077,20000,100321898
20000-numbers-28-ordered-ascending.txt.csv, 1, 0.000126,20000,19997
20000-numbers-28-ordered-descending.txt.csv, -1, 0.605873,20000,199983886
20000-numbers-28-unordered.txt.csv, 0, 0.310757,20000,100377408
20000-numbers-29-ordered-ascending.txt.csv, 1, 0.000140,20000,19999
20000-numbers-29-ordered-descending.txt.csv, -1, 0.604005,20000,199983887
20000-numbers-29-unordered.txt.csv, 0, 0.293585,20000,99643027
20000-numbers-3-ordered-ascending.txt.csv, 1, 0.000146,20000,19998
20000-numbers-3-ordered-descending.txt.csv, -1, 0.602455,20000,199983911
20000-numbers-3-unordered.txt.csv, 0, 0.312804,20000,99402385
20000-numbers-4-ordered-ascending.txt.csv, 1, 0.000136,20000,19999
20000-numbers-4-ordered-descending.txt.csv, -1, 0.579865,20000,199983797
20000-numbers-4-unordered.txt.csv, 0, 0.295661,20000,100502701
20000-numbers-5-ordered-ascending.txt.csv, 1, 0.000154,20000,19999
20000-numbers-5-ordered-descending.txt.csv, -1, 0.577080,20000,199984009
20000-numbers-5-unordered.txt.csv, 0, 0.276198,20000,99438576
20000-numbers-6-ordered-ascending.txt.csv, 1, 0.000144,20000,19998
20000-numbers-6-ordered-descending.txt.csv, -1, 0.603624,20000,199983833
20000-numbers-6-unordered.txt.csv, 0, 0.273572,20000,100212521
20000-numbers-7-ordered-ascending.txt.csv, 1, 0.000119,20000,19999
20000-numbers-7-ordered-descending.txt.csv, -1, 0.613476,20000,199983890
20000-numbers-7-unordered.txt.csv, 0, 0.282720,20000,100195220
20000-numbers-8-ordered-ascending.txt.csv, 1, 0.000130,20000,19998
20000-numbers-8-ordered-descending.txt.csv, -1, 0.604235,20000,199983935
20000-numbers-8-unordered.txt.csv, 0, 0.297681,20000,100361841
20000-numbers-9-ordered-ascending.txt.csv, 1, 0.000127,20000,19998
20000-numbers-9-ordered-descending.txt.csv, -1, 0.587276,20000,199983887
20000-numbers-9-unordered.txt.csv, 0, 0.330917,20000,100190950
30000-numbers-0-ordered-ascending.txt.csv, 1, 0.000231,30000,29998
30000-numbers-0-ordered-descending.txt.csv, -1, 1.296325,30000,449971172
30000-numbers-0-unordered.txt.csv, 0, 0.654112,30000,224921598
30000-numbers-1-ordered-ascending.txt.csv, 1, 0.000217,30000,29998
30000-numbers-1-ordered-descending.txt.csv, -1, 1.263277,30000,449971223
30000-numbers-1-unordered.txt.csv, 0, 0.653689,30000,225040277
30000-numbers-10-ordered-ascending.txt.csv, 1, 0.000188,30000,29999
30000-numbers-10-ordered-descending.txt.csv, -1, 1.273741,30000,449971234
30000-numbers-10-unordered.txt.csv, 0, 0.629279,30000,224596096
30000-numbers-11-ordered-ascending.txt.csv, 1, 0.000200,30000,29999
30000-numbers-11-ordered-descending.txt.csv, -1, 1.282647,30000,449971242
30000-numbers-11-unordered.txt.csv, 0, 0.634893,30000,223912894
30000-numbers-12-ordered-ascending.txt.csv, 1, 0.000238,30000,29997
30000-numbers-12-ordered-descending.txt.csv, -1, 1.283108,30000,449971328
30000-numbers-12-unordered.txt.csv, 0, 0.613653,30000,223885604
30000-numbers-13-ordered-ascending.txt.csv, 1, 0.000197,30000,29999
30000-numbers-13-ordered-descending.txt.csv, -1, 1.251033,30000,449971367
30000-numbers-13-unordered.txt.csv, 0, 0.647553,30000,225547786
30000-numbers-14-ordered-ascending.txt.csv, 1, 0.000188,30000,29996
30000-numbers-14-ordered-descending.txt.csv, -1, 1.259457,30000,449971306
30000-numbers-14-unordered.txt.csv, 0, 0.604210,30000,225251028
30000-numbers-15-ordered-ascending.txt.csv, 1, 0.000223,30000,29998
30000-numbers-15-ordered-descending.txt.csv, -1, 1.241098,30000,449971295
30000-numbers-15-unordered.txt.csv, 0, 0.620209,30000,225343364
30000-numbers-16-ordered-ascending.txt.csv, 1, 0.000188,30000,29998
30000-numbers-16-ordered-descending.txt.csv, -1, 1.224323,30000,449971311
30000-numbers-16-unordered.txt.csv, 0, 0.622025,30000,224687680
30000-numbers-17-ordered-ascending.txt.csv, 1, 0.000191,30000,29998
30000-numbers-17-ordered-descending.txt.csv, -1, 1.252399,30000,449971264
30000-numbers-17-unordered.txt.csv, 0, 0.616634,30000,225133151
30000-numbers-18-ordered-ascending.txt.csv, 1, 0.000178,30000,29998
30000-numbers-18-ordered-descending.txt.csv, -1, 1.244375,30000,449971328
30000-numbers-18-unordered.txt.csv, 0, 0.614985,30000,223434603
30000-numbers-19-ordered-ascending.txt.csv, 1, 0.000201,30000,29997
30000-numbers-19-ordered-descending.txt.csv, -1, 1.223992,30000,449971364
30000-numbers-19-unordered.txt.csv, 0, 0.617072,30000,225430519
30000-numbers-2-ordered-ascending.txt.csv, 1, 0.000188,30000,29998
30000-numbers-2-ordered-descending.txt.csv, -1, 1.226630,30000,449971433
30000-numbers-2-unordered.txt.csv, 0, 0.614836,30000,224170762
30000-numbers-20-ordered-ascending.txt.csv, 1, 0.000178,30000,29996
30000-numbers-20-ordered-descending.txt.csv, -1, 1.255063,30000,449971425
30000-numbers-20-unordered.txt.csv, 0, 0.613982,30000,225747117
30000-numbers-21-ordered-ascending.txt.csv, 1, 0.000193,30000,29998
30000-numbers-21-ordered-descending.txt.csv, -1, 1.247141,30000,449971712
30000-numbers-21-unordered.txt.csv, 0, 0.621273,30000,223734694
30000-numbers-22-ordered-ascending.txt.csv, 1, 0.000190,30000,29999
30000-numbers-22-ordered-descending.txt.csv, -1, 1.263110,30000,449971397
30000-numbers-22-unordered.txt.csv, 0, 0.610395,30000,224125420
30000-numbers-23-ordered-ascending.txt.csv, 1, 0.000189,30000,29998
30000-numbers-23-ordered-descending.txt.csv, -1, 1.242408,30000,449971428
30000-numbers-23-unordered.txt.csv, 0, 0.623664,30000,226171445
30000-numbers-24-ordered-ascending.txt.csv, 1, 0.000178,30000,29999
30000-numbers-24-ordered-descending.txt.csv, -1, 1.251729,30000,449971176
30000-numbers-24-unordered.txt.csv, 0, 0.608125,30000,225257484
30000-numbers-25-ordered-ascending.txt.csv, 1, 0.000185,30000,29997
30000-numbers-25-ordered-descending.txt.csv, -1, 1.249692,30000,449971377
30000-numbers-25-unordered.txt.csv, 0, 0.623469,30000,226692944
30000-numbers-26-ordered-ascending.txt.csv, 1, 0.000178,30000,29999
30000-numbers-26-ordered-descending.txt.csv, -1, 1.248451,30000,449971102
30000-numbers-26-unordered.txt.csv, 0, 0.628334,30000,226717055
30000-numbers-27-ordered-ascending.txt.csv, 1, 0.000190,30000,29999
30000-numbers-27-ordered-descending.txt.csv, -1, 1.241045,30000,449971231
30000-numbers-27-unordered.txt.csv, 0, 0.611342,30000,223708112
30000-numbers-28-ordered-ascending.txt.csv, 1, 0.000184,30000,29998
30000-numbers-28-ordered-descending.txt.csv, -1, 1.237527,30000,449971307
30000-numbers-28-unordered.txt.csv, 0, 0.617833,30000,224972653
30000-numbers-29-ordered-ascending.txt.csv, 1, 0.000184,30000,29998
30000-numbers-29-ordered-descending.txt.csv, -1, 1.235688,30000,449971570
30000-numbers-29-unordered.txt.csv, 0, 0.616155,30000,226003944
30000-numbers-3-ordered-ascending.txt.csv, 1, 0.000219,30000,29998
30000-numbers-3-ordered-descending.txt.csv, -1, 1.239522,30000,449971304
30000-numbers-3-unordered.txt.csv, 0, 0.631269,30000,225526709
30000-numbers-4-ordered-ascending.txt.csv, 1, 0.000215,30000,29998
30000-numbers-4-ordered-descending.txt.csv, -1, 1.249794,30000,449971138
30000-numbers-4-unordered.txt.csv, 0, 0.605912,30000,224388209
30000-numbers-5-ordered-ascending.txt.csv, 1, 0.000178,30000,29997
30000-numbers-5-ordered-descending.txt.csv, -1, 1.256654,30000,449971495
30000-numbers-5-unordered.txt.csv, 0, 0.609386,30000,225008159
30000-numbers-6-ordered-ascending.txt.csv, 1, 0.000183,30000,29999
30000-numbers-6-ordered-descending.txt.csv, -1, 1.250253,30000,449971232
30000-numbers-6-unordered.txt.csv, 0, 0.619064,30000,223986785
30000-numbers-7-ordered-ascending.txt.csv, 1, 0.000184,30000,29998
30000-numbers-7-ordered-descending.txt.csv, -1, 1.233378,30000,449971221
30000-numbers-7-unordered.txt.csv, 0, 0.619145,30000,224235098
30000-numbers-8-ordered-ascending.txt.csv, 1, 0.000224,30000,29998
30000-numbers-8-ordered-descending.txt.csv, -1, 1.251237,30000,449971239
30000-numbers-8-unordered.txt.csv, 0, 0.613924,30000,224396071
30000-numbers-9-ordered-ascending.txt.csv, 1, 0.000185,30000,29997
30000-numbers-9-ordered-descending.txt.csv, -1, 1.251393,30000,449971380
30000-numbers-9-unordered.txt.csv, 0, 0.618789,30000,225096108
40000-numbers-0-ordered-ascending.txt.csv, 1, 0.000253,40000,39996
40000-numbers-0-ordered-descending.txt.csv, -1, 2.187059,40000,799955812
40000-numbers-0-unordered.txt.csv, 0, 1.112562,40000,399665770
40000-numbers-1-ordered-ascending.txt.csv, 1, 0.000246,40000,39999
40000-numbers-1-ordered-descending.txt.csv, -1, 2.177836,40000,799955609
40000-numbers-1-unordered.txt.csv, 0, 1.076744,40000,398777884
40000-numbers-10-ordered-ascending.txt.csv, 1, 0.000260,40000,39998
40000-numbers-10-ordered-descending.txt.csv, -1, 2.178181,40000,799955420
40000-numbers-10-unordered.txt.csv, 0, 1.084061,40000,399603469
40000-numbers-11-ordered-ascending.txt.csv, 1, 0.000252,40000,39997
40000-numbers-11-ordered-descending.txt.csv, -1, 2.192948,40000,799955645
40000-numbers-11-unordered.txt.csv, 0, 1.089901,40000,400754594
40000-numbers-12-ordered-ascending.txt.csv, 1, 0.000472,40000,39998
40000-numbers-12-ordered-descending.txt.csv, -1, 2.194042,40000,799955229
40000-numbers-12-unordered.txt.csv, 0, 1.081182,40000,398741254
40000-numbers-13-ordered-ascending.txt.csv, 1, 0.000238,40000,39999
40000-numbers-13-ordered-descending.txt.csv, -1, 2.174741,40000,799955707
40000-numbers-13-unordered.txt.csv, 0, 1.087279,40000,399969855
40000-numbers-14-ordered-ascending.txt.csv, 1, 0.000239,40000,39994
40000-numbers-14-ordered-descending.txt.csv, -1, 2.183676,40000,799955624
40000-numbers-14-unordered.txt.csv, 0, 1.078608,40000,400963981
40000-numbers-15-ordered-ascending.txt.csv, 1, 0.000251,40000,39996
40000-numbers-15-ordered-descending.txt.csv, -1, 2.184106,40000,799955575
40000-numbers-15-unordered.txt.csv, 0, 1.077883,40000,400746935
40000-numbers-16-ordered-ascending.txt.csv, 1, 0.000270,40000,39995
40000-numbers-16-ordered-descending.txt.csv, -1, 2.174364,40000,799955672
40000-numbers-16-unordered.txt.csv, 0, 1.091413,40000,400553258
40000-numbers-17-ordered-ascending.txt.csv, 1, 0.000232,40000,39998
40000-numbers-17-ordered-descending.txt.csv, -1, 2.165363,40000,799955646
40000-numbers-17-unordered.txt.csv, 0, 1.143937,40000,400098399
40000-numbers-18-ordered-ascending.txt.csv, 1, 0.000252,40000,39997
40000-numbers-18-ordered-descending.txt.csv, -1, 2.180846,40000,799955650
40000-numbers-18-unordered.txt.csv, 0, 1.084895,40000,400316439
40000-numbers-19-ordered-ascending.txt.csv, 1, 0.000236,40000,39999
40000-numbers-19-ordered-descending.txt.csv, -1, 2.193681,40000,799955631
40000-numbers-19-unordered.txt.csv, 0, 1.074375,40000,398653769
40000-numbers-2-ordered-ascending.txt.csv, 1, 0.000253,40000,39999
40000-numbers-2-ordered-descending.txt.csv, -1, 2.171194,40000,799955338
40000-numbers-2-unordered.txt.csv, 0, 1.070850,40000,399271647
40000-numbers-20-ordered-ascending.txt.csv, 1, 0.000310,40000,39997
40000-numbers-20-ordered-descending.txt.csv, -1, 2.177021,40000,799955394
40000-numbers-20-unordered.txt.csv, 0, 1.078715,40000,399731906
40000-numbers-21-ordered-ascending.txt.csv, 1, 0.000254,40000,39999
40000-numbers-21-ordered-descending.txt.csv, -1, 2.182504,40000,799955609
40000-numbers-21-unordered.txt.csv, 0, 1.086376,40000,400885588
40000-numbers-22-ordered-ascending.txt.csv, 1, 0.000237,40000,39995
40000-numbers-22-ordered-descending.txt.csv, -1, 2.169434,40000,799955567
40000-numbers-22-unordered.txt.csv, 0, 1.074827,40000,399478578
40000-numbers-23-ordered-ascending.txt.csv, 1, 0.000254,40000,39998
40000-numbers-23-ordered-descending.txt.csv, -1, 2.168838,40000,799955828
40000-numbers-23-unordered.txt.csv, 0, 1.081746,40000,396991174
40000-numbers-24-ordered-ascending.txt.csv, 1, 0.000279,40000,39999
40000-numbers-24-ordered-descending.txt.csv, -1, 2.171894,40000,799955366
40000-numbers-24-unordered.txt.csv, 0, 1.096561,40000,400463402
40000-numbers-25-ordered-ascending.txt.csv, 1, 0.000262,40000,39998
40000-numbers-25-ordered-descending.txt.csv, -1, 2.158088,40000,799955642
40000-numbers-25-unordered.txt.csv, 0, 1.104540,40000,397559349
40000-numbers-26-ordered-ascending.txt.csv, 1, 0.000330,40000,39996
40000-numbers-26-ordered-descending.txt.csv, -1, 2.192455,40000,799955474
40000-numbers-26-unordered.txt.csv, 0, 1.094075,40000,400794551
40000-numbers-27-ordered-ascending.txt.csv, 1, 0.000244,40000,39998
40000-numbers-27-ordered-descending.txt.csv, -1, 2.171538,40000,799955562
40000-numbers-27-unordered.txt.csv, 0, 1.083290,40000,401512355
40000-numbers-28-ordered-ascending.txt.csv, 1, 0.000252,40000,39997
40000-numbers-28-ordered-descending.txt.csv, -1, 2.191537,40000,799955537
40000-numbers-28-unordered.txt.csv, 0, 1.089379,40000,400801878
40000-numbers-29-ordered-ascending.txt.csv, 1, 0.000238,40000,39997
40000-numbers-29-ordered-descending.txt.csv, -1, 2.161055,40000,799955714
40000-numbers-29-unordered.txt.csv, 0, 1.096141,40000,399589107
40000-numbers-3-ordered-ascending.txt.csv, 1, 0.000268,40000,39999
40000-numbers-3-ordered-descending.txt.csv, -1, 2.190500,40000,799955671
40000-numbers-3-unordered.txt.csv, 0, 1.096893,40000,398704428
40000-numbers-4-ordered-ascending.txt.csv, 1, 0.000245,40000,39999
40000-numbers-4-ordered-descending.txt.csv, -1, 2.169421,40000,799955587
40000-numbers-4-unordered.txt.csv, 0, 1.076601,40000,399641790
40000-numbers-5-ordered-ascending.txt.csv, 1, 0.000260,40000,39998
40000-numbers-5-ordered-descending.txt.csv, -1, 2.167335,40000,799955617
40000-numbers-5-unordered.txt.csv, 0, 1.080482,40000,399209324
40000-numbers-6-ordered-ascending.txt.csv, 1, 0.000291,40000,39998
40000-numbers-6-ordered-descending.txt.csv, -1, 2.155118,40000,799955328
40000-numbers-6-unordered.txt.csv, 0, 1.082398,40000,399392462
40000-numbers-7-ordered-ascending.txt.csv, 1, 0.000253,40000,39998
40000-numbers-7-ordered-descending.txt.csv, -1, 2.105553,40000,799955758
40000-numbers-7-unordered.txt.csv, 0, 1.048966,40000,399593329
40000-numbers-8-ordered-ascending.txt.csv, 1, 0.000273,40000,39997
40000-numbers-8-ordered-descending.txt.csv, -1, 2.155993,40000,799955305
40000-numbers-8-unordered.txt.csv, 0, 1.075495,40000,400841195
40000-numbers-9-ordered-ascending.txt.csv, 1, 0.000252,40000,39998
40000-numbers-9-ordered-descending.txt.csv, -1, 2.190429,40000,799955576
40000-numbers-9-unordered.txt.csv, 0, 1.094539,40000,400197525
50000-numbers-0-ordered-ascending.txt.csv, 1, 0.000346,50000,49995
50000-numbers-0-ordered-descending.txt.csv, -1, 3.361486,50000,1249936869
50000-numbers-0-unordered.txt.csv, 0, 1.675455,50000,623153323
50000-numbers-1-ordered-ascending.txt.csv, 1, 0.000297,50000,49998
50000-numbers-1-ordered-descending.txt.csv, -1, 3.334425,50000,1249936987
50000-numbers-1-unordered.txt.csv, 0, 1.682790,50000,625933993
50000-numbers-10-ordered-ascending.txt.csv, 1, 0.000296,50000,49998
50000-numbers-10-ordered-descending.txt.csv, -1, 3.350230,50000,1249936856
50000-numbers-10-unordered.txt.csv, 0, 1.673904,50000,624212893
50000-numbers-11-ordered-ascending.txt.csv, 1, 0.000329,50000,49997
50000-numbers-11-ordered-descending.txt.csv, -1, 3.370465,50000,1249936416
50000-numbers-11-unordered.txt.csv, 0, 1.677456,50000,622214399
50000-numbers-12-ordered-ascending.txt.csv, 1, 0.000316,50000,49997
50000-numbers-12-ordered-descending.txt.csv, -1, 3.387584,50000,1249936988
50000-numbers-12-unordered.txt.csv, 0, 1.681003,50000,626403500
50000-numbers-13-ordered-ascending.txt.csv, 1, 0.000320,50000,49997
50000-numbers-13-ordered-descending.txt.csv, -1, 3.365062,50000,1249937037
50000-numbers-13-unordered.txt.csv, 0, 1.683513,50000,623295123
50000-numbers-14-ordered-ascending.txt.csv, 1, 0.000314,50000,49998
50000-numbers-14-ordered-descending.txt.csv, -1, 3.342150,50000,1249936925
50000-numbers-14-unordered.txt.csv, 0, 1.686607,50000,626324971
50000-numbers-15-ordered-ascending.txt.csv, 1, 0.000314,50000,49997
50000-numbers-15-ordered-descending.txt.csv, -1, 3.384993,50000,1249936873
50000-numbers-15-unordered.txt.csv, 0, 1.674884,50000,623735834
50000-numbers-16-ordered-ascending.txt.csv, 1, 0.000301,50000,49998
50000-numbers-16-ordered-descending.txt.csv, -1, 3.394945,50000,1249937164
50000-numbers-16-unordered.txt.csv, 0, 1.680745,50000,626420988
50000-numbers-17-ordered-ascending.txt.csv, 1, 0.000318,50000,49998
50000-numbers-17-ordered-descending.txt.csv, -1, 3.394449,50000,1249936666
50000-numbers-17-unordered.txt.csv, 0, 1.688440,50000,625543904
50000-numbers-18-ordered-ascending.txt.csv, 1, 0.000341,50000,49998
50000-numbers-18-ordered-descending.txt.csv, -1, 3.378964,50000,1249936647
50000-numbers-18-unordered.txt.csv, 0, 1.664138,50000,624427295
50000-numbers-19-ordered-ascending.txt.csv, 1, 0.000316,50000,49999
50000-numbers-19-ordered-descending.txt.csv, -1, 3.356811,50000,1249936904
50000-numbers-19-unordered.txt.csv, 0, 1.687416,50000,624583010
50000-numbers-2-ordered-ascending.txt.csv, 1, 0.000307,50000,49998
50000-numbers-2-ordered-descending.txt.csv, -1, 3.377511,50000,1249936568
50000-numbers-2-unordered.txt.csv, 0, 1.672734,50000,624350190
50000-numbers-20-ordered-ascending.txt.csv, 1, 0.000317,50000,49999
50000-numbers-20-ordered-descending.txt.csv, -1, 3.360727,50000,1249936760
50000-numbers-20-unordered.txt.csv, 0, 1.675140,50000,623592413
50000-numbers-21-ordered-ascending.txt.csv, 1, 0.000362,50000,49999
50000-numbers-21-ordered-descending.txt.csv, -1, 3.370228,50000,1249936646
50000-numbers-21-unordered.txt.csv, 0, 1.679940,50000,626113138
50000-numbers-22-ordered-ascending.txt.csv, 1, 0.000343,50000,49997
50000-numbers-22-ordered-descending.txt.csv, -1, 3.360549,50000,1249937017
50000-numbers-22-unordered.txt.csv, 0, 1.682188,50000,621603516
50000-numbers-23-ordered-ascending.txt.csv, 1, 0.000297,50000,49999
50000-numbers-23-ordered-descending.txt.csv, -1, 3.383476,50000,1249936833
50000-numbers-23-unordered.txt.csv, 0, 1.667373,50000,624685236
50000-numbers-24-ordered-ascending.txt.csv, 1, 0.000376,50000,49998
50000-numbers-24-ordered-descending.txt.csv, -1, 3.364991,50000,1249936952
50000-numbers-24-unordered.txt.csv, 0, 1.686093,50000,625808754
50000-numbers-25-ordered-ascending.txt.csv, 1, 0.000376,50000,49999
50000-numbers-25-ordered-descending.txt.csv, -1, 3.371952,50000,1249936824
50000-numbers-25-unordered.txt.csv, 0, 1.693961,50000,626528865
50000-numbers-26-ordered-ascending.txt.csv, 1, 0.000305,50000,49999
50000-numbers-26-ordered-descending.txt.csv, -1, 3.372078,50000,1249937031
50000-numbers-26-unordered.txt.csv, 0, 1.664429,50000,621954092
50000-numbers-27-ordered-ascending.txt.csv, 1, 0.000316,50000,49999
50000-numbers-27-ordered-descending.txt.csv, -1, 3.378517,50000,1249936702
50000-numbers-27-unordered.txt.csv, 0, 1.670578,50000,622399207
50000-numbers-28-ordered-ascending.txt.csv, 1, 0.000336,50000,49999
50000-numbers-28-ordered-descending.txt.csv, -1, 3.363984,50000,1249936880
50000-numbers-28-unordered.txt.csv, 0, 1.676267,50000,625103187
50000-numbers-29-ordered-ascending.txt.csv, 1, 0.000298,50000,49997
50000-numbers-29-ordered-descending.txt.csv, -1, 3.414590,50000,1249936690
50000-numbers-29-unordered.txt.csv, 0, 1.684182,50000,622112884
50000-numbers-3-ordered-ascending.txt.csv, 1, 0.000369,50000,49997
50000-numbers-3-ordered-descending.txt.csv, -1, 3.368250,50000,1249936948
50000-numbers-3-unordered.txt.csv, 0, 1.678098,50000,627307623
50000-numbers-4-ordered-ascending.txt.csv, 1, 0.000308,50000,49998
50000-numbers-4-ordered-descending.txt.csv, -1, 3.347321,50000,1249936873
50000-numbers-4-unordered.txt.csv, 0, 1.707791,50000,627272840
50000-numbers-5-ordered-ascending.txt.csv, 1, 0.000308,50000,49997
50000-numbers-5-ordered-descending.txt.csv, -1, 3.366989,50000,1249936826
50000-numbers-5-unordered.txt.csv, 0, 1.678042,50000,629823045
50000-numbers-6-ordered-ascending.txt.csv, 1, 0.000307,50000,49998
50000-numbers-6-ordered-descending.txt.csv, -1, 3.372446,50000,1249936727
50000-numbers-6-unordered.txt.csv, 0, 1.679580,50000,627840328
50000-numbers-7-ordered-ascending.txt.csv, 1, 0.000287,50000,49996
50000-numbers-7-ordered-descending.txt.csv, -1, 3.370531,50000,1249936873
50000-numbers-7-unordered.txt.csv, 0, 1.689335,50000,625981617
50000-numbers-8-ordered-ascending.txt.csv, 1, 0.000315,50000,49995
50000-numbers-8-ordered-descending.txt.csv, -1, 3.370297,50000,1249936812
50000-numbers-8-unordered.txt.csv, 0, 1.673032,50000,620091710
50000-numbers-9-ordered-ascending.txt.csv, 1, 0.000306,50000,49997
50000-numbers-9-ordered-descending.txt.csv, -1, 3.367193,50000,1249936635
50000-numbers-9-unordered.txt.csv, 0, 1.671133,50000,624165849
60000-numbers-0-ordered-ascending.txt.csv, 1, 0.000356,60000,59998
60000-numbers-0-ordered-descending.txt.csv, -1, 4.788235,60000,1799914693
60000-numbers-0-unordered.txt.csv, 0, 2.402812,60000,897536410
60000-numbers-1-ordered-ascending.txt.csv, 1, 0.000378,60000,59996
60000-numbers-1-ordered-descending.txt.csv, -1, 4.779254,60000,1799914901
60000-numbers-1-unordered.txt.csv, 0, 2.412271,60000,903079210
60000-numbers-10-ordered-ascending.txt.csv, 1, 0.000426,60000,59995
60000-numbers-10-ordered-descending.txt.csv, -1, 4.780640,60000,1799915039
60000-numbers-10-unordered.txt.csv, 0, 2.401865,60000,893346911
60000-numbers-11-ordered-ascending.txt.csv, 1, 0.000398,60000,59996
60000-numbers-11-ordered-descending.txt.csv, -1, 4.784395,60000,1799915204
60000-numbers-11-unordered.txt.csv, 0, 2.391407,60000,901308976
60000-numbers-12-ordered-ascending.txt.csv, 1, 0.000376,60000,59998
60000-numbers-12-ordered-descending.txt.csv, -1, 4.810620,60000,1799914535
60000-numbers-12-unordered.txt.csv, 0, 2.411628,60000,896500611
60000-numbers-13-ordered-ascending.txt.csv, 1, 0.000358,60000,59999
60000-numbers-13-ordered-descending.txt.csv, -1, 4.792108,60000,1799915415
60000-numbers-13-unordered.txt.csv, 0, 2.380379,60000,898783346
60000-numbers-14-ordered-ascending.txt.csv, 1, 0.000357,60000,59998
60000-numbers-14-ordered-descending.txt.csv, -1, 4.810779,60000,1799914862
60000-numbers-14-unordered.txt.csv, 0, 2.422305,60000,901031500
60000-numbers-15-ordered-ascending.txt.csv, 1, 0.000418,60000,59996
60000-numbers-15-ordered-descending.txt.csv, -1, 4.806939,60000,1799915152
60000-numbers-15-unordered.txt.csv, 0, 2.395685,60000,901630320
60000-numbers-16-ordered-ascending.txt.csv, 1, 0.000361,60000,59997
60000-numbers-16-ordered-descending.txt.csv, -1, 4.798010,60000,1799914770
60000-numbers-16-unordered.txt.csv, 0, 2.413065,60000,901874270
60000-numbers-17-ordered-ascending.txt.csv, 1, 0.000345,60000,59997
60000-numbers-17-ordered-descending.txt.csv, -1, 4.790041,60000,1799915088
60000-numbers-17-unordered.txt.csv, 0, 2.479314,60000,902242308
60000-numbers-18-ordered-ascending.txt.csv, 1, 0.000361,60000,59997
60000-numbers-18-ordered-descending.txt.csv, -1, 4.835852,60000,1799914915
60000-numbers-18-unordered.txt.csv, 0, 2.401035,60000,902369148
60000-numbers-19-ordered-ascending.txt.csv, 1, 0.000375,60000,59997
60000-numbers-19-ordered-descending.txt.csv, -1, 4.838500,60000,1799914990
60000-numbers-19-unordered.txt.csv, 0, 2.404300,60000,899866412
60000-numbers-2-ordered-ascending.txt.csv, 1, 0.000392,60000,59996
60000-numbers-2-ordered-descending.txt.csv, -1, 4.823119,60000,1799914862
60000-numbers-2-unordered.txt.csv, 0, 2.386324,60000,899272656
60000-numbers-20-ordered-ascending.txt.csv, 1, 0.000378,60000,59998
60000-numbers-20-ordered-descending.txt.csv, -1, 4.806259,60000,1799914988
60000-numbers-20-unordered.txt.csv, 0, 2.391177,60000,898649596
60000-numbers-21-ordered-ascending.txt.csv, 1, 0.000377,60000,59996
60000-numbers-21-ordered-descending.txt.csv, -1, 4.800224,60000,1799915067
60000-numbers-21-unordered.txt.csv, 0, 2.412794,60000,900463398
60000-numbers-22-ordered-ascending.txt.csv, 1, 0.000377,60000,59998
60000-numbers-22-ordered-descending.txt.csv, -1, 4.820090,60000,1799915242
60000-numbers-22-unordered.txt.csv, 0, 2.418006,60000,900990496
60000-numbers-23-ordered-ascending.txt.csv, 1, 0.000518,60000,59996
60000-numbers-23-ordered-descending.txt.csv, -1, 4.807471,60000,1799915133
60000-numbers-23-unordered.txt.csv, 0, 2.401136,60000,899491866
60000-numbers-24-ordered-ascending.txt.csv, 1, 0.000383,60000,59996
60000-numbers-24-ordered-descending.txt.csv, -1, 4.813647,60000,1799914943
60000-numbers-24-unordered.txt.csv, 0, 2.395284,60000,899762062
60000-numbers-25-ordered-ascending.txt.csv, 1, 0.000384,60000,59997
60000-numbers-25-ordered-descending.txt.csv, -1, 4.833121,60000,1799915294
60000-numbers-25-unordered.txt.csv, 0, 2.400465,60000,902230113
60000-numbers-26-ordered-ascending.txt.csv, 1, 0.000416,60000,59997
60000-numbers-26-ordered-descending.txt.csv, -1, 4.845396,60000,1799915131
60000-numbers-26-unordered.txt.csv, 0, 2.288900,60000,894635521
60000-numbers-27-ordered-ascending.txt.csv, 1, 0.000350,60000,59995
60000-numbers-27-ordered-descending.txt.csv, -1, 4.779333,60000,1799915271
60000-numbers-27-unordered.txt.csv, 0, 2.396577,60000,895950345
60000-numbers-28-ordered-ascending.txt.csv, 1, 0.000377,60000,59995
60000-numbers-28-ordered-descending.txt.csv, -1, 4.825373,60000,1799915154
60000-numbers-28-unordered.txt.csv, 0, 2.380184,60000,898082068
60000-numbers-29-ordered-ascending.txt.csv, 1, 0.000502,60000,59998
60000-numbers-29-ordered-descending.txt.csv, -1, 4.806602,60000,1799915144
60000-numbers-29-unordered.txt.csv, 0, 2.401185,60000,903903843
60000-numbers-3-ordered-ascending.txt.csv, 1, 0.000380,60000,59997
60000-numbers-3-ordered-descending.txt.csv, -1, 4.823021,60000,1799915204
60000-numbers-3-unordered.txt.csv, 0, 2.394421,60000,903195792
60000-numbers-4-ordered-ascending.txt.csv, 1, 0.000380,60000,59998
60000-numbers-4-ordered-descending.txt.csv, -1, 4.806608,60000,1799915317
60000-numbers-4-unordered.txt.csv, 0, 2.416774,60000,899554683
60000-numbers-5-ordered-ascending.txt.csv, 1, 0.000361,60000,59996
60000-numbers-5-ordered-descending.txt.csv, -1, 4.780024,60000,1799915040
60000-numbers-5-unordered.txt.csv, 0, 2.386758,60000,897387908
60000-numbers-6-ordered-ascending.txt.csv, 1, 0.000389,60000,59994
60000-numbers-6-ordered-descending.txt.csv, -1, 4.784921,60000,1799914830
60000-numbers-6-unordered.txt.csv, 0, 2.394916,60000,902886721
60000-numbers-7-ordered-ascending.txt.csv, 1, 0.000349,60000,59998
60000-numbers-7-ordered-descending.txt.csv, -1, 4.824803,60000,1799914814
60000-numbers-7-unordered.txt.csv, 0, 2.395851,60000,899870938
60000-numbers-8-ordered-ascending.txt.csv, 1, 0.000357,60000,59999
60000-numbers-8-ordered-descending.txt.csv, -1, 4.853041,60000,1799915299
60000-numbers-8-unordered.txt.csv, 0, 2.408248,60000,901333415
60000-numbers-9-ordered-ascending.txt.csv, 1, 0.000377,60000,59996
60000-numbers-9-ordered-descending.txt.csv, -1, 4.803895,60000,1799915188
60000-numbers-9-unordered.txt.csv, 0, 2.401742,60000,896806951
70000-numbers-0-ordered-ascending.txt.csv, 1, 0.000415,70000,69995
70000-numbers-0-ordered-descending.txt.csv, -1, 6.489517,70000,-1845077206
70000-numbers-0-unordered.txt.csv, 0, 3.244782,70000,1224664867
70000-numbers-1-ordered-ascending.txt.csv, 1, 0.000439,70000,69998
70000-numbers-1-ordered-descending.txt.csv, -1, 6.499621,70000,-1845076702
70000-numbers-1-unordered.txt.csv, 0, 3.247000,70000,1223571843
70000-numbers-10-ordered-ascending.txt.csv, 1, 0.000442,70000,69998
70000-numbers-10-ordered-descending.txt.csv, -1, 6.484863,70000,-1845077324
70000-numbers-10-unordered.txt.csv, 0, 3.245985,70000,1225954870
70000-numbers-11-ordered-ascending.txt.csv, 1, 0.000414,70000,69996
70000-numbers-11-ordered-descending.txt.csv, -1, 6.487240,70000,-1845077004
70000-numbers-11-unordered.txt.csv, 0, 3.238448,70000,1223090377
70000-numbers-12-ordered-ascending.txt.csv, 1, 0.000414,70000,69997
70000-numbers-12-ordered-descending.txt.csv, -1, 6.514170,70000,-1845076683
70000-numbers-12-unordered.txt.csv, 0, 3.258476,70000,1222843904
70000-numbers-13-ordered-ascending.txt.csv, 1, 0.000441,70000,69995
70000-numbers-13-ordered-descending.txt.csv, -1, 6.459156,70000,-1845076730
70000-numbers-13-unordered.txt.csv, 0, 3.252177,70000,1222853847
70000-numbers-14-ordered-ascending.txt.csv, 1, 0.000440,70000,69996
70000-numbers-14-ordered-descending.txt.csv, -1, 6.482664,70000,-1845077138
70000-numbers-14-unordered.txt.csv, 0, 3.259379,70000,1225008180
70000-numbers-15-ordered-ascending.txt.csv, 1, 0.000429,70000,69999
70000-numbers-15-ordered-descending.txt.csv, -1, 6.478263,70000,-1845077317
70000-numbers-15-unordered.txt.csv, 0, 3.266727,70000,1223190838
70000-numbers-16-ordered-ascending.txt.csv, 1, 0.000427,70000,69995
70000-numbers-16-ordered-descending.txt.csv, -1, 6.489276,70000,-1845076809
70000-numbers-16-unordered.txt.csv, 0, 3.236020,70000,1223294070
70000-numbers-17-ordered-ascending.txt.csv, 1, 0.000435,70000,69997
70000-numbers-17-ordered-descending.txt.csv, -1, 6.460818,70000,-1845077372
70000-numbers-17-unordered.txt.csv, 0, 3.230936,70000,1224044517
70000-numbers-18-ordered-ascending.txt.csv, 1, 0.000455,70000,69995
70000-numbers-18-ordered-descending.txt.csv, -1, 6.522559,70000,-1845077093
70000-numbers-18-unordered.txt.csv, 0, 3.242950,70000,1231457825
70000-numbers-19-ordered-ascending.txt.csv, 1, 0.000440,70000,69998
70000-numbers-19-ordered-descending.txt.csv, -1, 6.493586,70000,-1845077455
70000-numbers-19-unordered.txt.csv, 0, 3.256494,70000,1224786462
70000-numbers-2-ordered-ascending.txt.csv, 1, 0.000439,70000,69997
70000-numbers-2-ordered-descending.txt.csv, -1, 6.483647,70000,-1845077137
70000-numbers-2-unordered.txt.csv, 0, 3.253811,70000,1224539505
70000-numbers-20-ordered-ascending.txt.csv, 1, 0.000438,70000,69996
70000-numbers-20-ordered-descending.txt.csv, -1, 6.505881,70000,-1845077536
70000-numbers-20-unordered.txt.csv, 0, 3.256446,70000,1228481065
70000-numbers-21-ordered-ascending.txt.csv, 1, 0.000417,70000,69997
70000-numbers-21-ordered-descending.txt.csv, -1, 6.494788,70000,-1845076835
70000-numbers-21-unordered.txt.csv, 0, 3.255436,70000,1224563532
70000-numbers-22-ordered-ascending.txt.csv, 1, 0.000429,70000,69995
70000-numbers-22-ordered-descending.txt.csv, -1, 6.464585,70000,-1845076526
70000-numbers-22-unordered.txt.csv, 0, 3.250168,70000,1227710027
70000-numbers-23-ordered-ascending.txt.csv, 1, 0.000439,70000,69998
70000-numbers-23-ordered-descending.txt.csv, -1, 6.485658,70000,-1845076845
70000-numbers-23-unordered.txt.csv, 0, 3.252859,70000,1225554163
70000-numbers-24-ordered-ascending.txt.csv, 1, 0.000461,70000,69996
70000-numbers-24-ordered-descending.txt.csv, -1, 6.490837,70000,-1845077191
70000-numbers-24-unordered.txt.csv, 0, 3.230909,70000,1219310365
70000-numbers-25-ordered-ascending.txt.csv, 1, 0.000416,70000,69994
70000-numbers-25-ordered-descending.txt.csv, -1, 6.480019,70000,-1845076977
70000-numbers-25-unordered.txt.csv, 0, 3.237313,70000,1223005872
70000-numbers-26-ordered-ascending.txt.csv, 1, 0.000456,70000,69999
70000-numbers-26-ordered-descending.txt.csv, -1, 6.468369,70000,-1845077039
70000-numbers-26-unordered.txt.csv, 0, 3.249309,70000,1225587040
70000-numbers-27-ordered-ascending.txt.csv, 1, 0.000439,70000,69999
70000-numbers-27-ordered-descending.txt.csv, -1, 6.497298,70000,-1845077155
70000-numbers-27-unordered.txt.csv, 0, 3.224735,70000,1218727977
70000-numbers-28-ordered-ascending.txt.csv, 1, 0.000438,70000,69995
70000-numbers-28-ordered-descending.txt.csv, -1, 6.499193,70000,-1845077072
70000-numbers-28-unordered.txt.csv, 0, 3.242624,70000,1222886551
70000-numbers-29-ordered-ascending.txt.csv, 1, 0.000445,70000,69996
70000-numbers-29-ordered-descending.txt.csv, -1, 6.473271,70000,-1845076883
70000-numbers-29-unordered.txt.csv, 0, 3.256013,70000,1219875567
70000-numbers-3-ordered-ascending.txt.csv, 1, 0.000439,70000,69997
70000-numbers-3-ordered-descending.txt.csv, -1, 6.381860,70000,-1845076667
70000-numbers-3-unordered.txt.csv, 0, 3.232388,70000,1220467242
70000-numbers-4-ordered-ascending.txt.csv, 1, 0.000466,70000,69997
70000-numbers-4-ordered-descending.txt.csv, -1, 6.486078,70000,-1845077359
70000-numbers-4-unordered.txt.csv, 0, 3.244864,70000,1226280441
70000-numbers-5-ordered-ascending.txt.csv, 1, 0.000412,70000,69997
70000-numbers-5-ordered-descending.txt.csv, -1, 6.497711,70000,-1845077283
70000-numbers-5-unordered.txt.csv, 0, 3.257128,70000,1224759968
70000-numbers-6-ordered-ascending.txt.csv, 1, 0.000440,70000,69998
70000-numbers-6-ordered-descending.txt.csv, -1, 6.478204,70000,-1845077088
70000-numbers-6-unordered.txt.csv, 0, 3.255816,70000,1227529637
70000-numbers-7-ordered-ascending.txt.csv, 1, 0.000471,70000,69998
70000-numbers-7-ordered-descending.txt.csv, -1, 6.471101,70000,-1845077381
70000-numbers-7-unordered.txt.csv, 0, 3.246328,70000,1223931409
70000-numbers-8-ordered-ascending.txt.csv, 1, 0.000441,70000,69998
70000-numbers-8-ordered-descending.txt.csv, -1, 6.475945,70000,-1845076693
70000-numbers-8-unordered.txt.csv, 0, 3.247687,70000,1222018555
70000-numbers-9-ordered-ascending.txt.csv, 1, 0.000403,70000,69996
70000-numbers-9-ordered-descending.txt.csv, -1, 6.449689,70000,-1845076808
70000-numbers-9-unordered.txt.csv, 0, 3.224733,70000,1221482891
80000-numbers-0-ordered-ascending.txt.csv, 1, 0.000607,80000,79996
80000-numbers-0-ordered-descending.txt.csv, -1, 8.453982,80000,-1095105037
80000-numbers-0-unordered.txt.csv, 0, 4.231714,80000,1594561450
80000-numbers-1-ordered-ascending.txt.csv, 1, 0.000507,80000,79997
80000-numbers-1-ordered-descending.txt.csv, -1, 8.442206,80000,-1095105057
80000-numbers-1-unordered.txt.csv, 0, 4.242046,80000,1598872444
80000-numbers-10-ordered-ascending.txt.csv, 1, 0.000534,80000,79997
80000-numbers-10-ordered-descending.txt.csv, -1, 8.431126,80000,-1095104870
80000-numbers-10-unordered.txt.csv, 0, 4.224671,80000,1598575026
80000-numbers-11-ordered-ascending.txt.csv, 1, 0.000503,80000,79998
80000-numbers-11-ordered-descending.txt.csv, -1, 8.429960,80000,-1095104773
80000-numbers-11-unordered.txt.csv, 0, 4.274811,80000,1603303159
80000-numbers-12-ordered-ascending.txt.csv, 1, 0.000622,80000,79998
80000-numbers-12-ordered-descending.txt.csv, -1, 8.452427,80000,-1095104435
80000-numbers-12-unordered.txt.csv, 0, 4.216437,80000,1598443376
80000-numbers-13-ordered-ascending.txt.csv, 1, 0.000502,80000,79998
80000-numbers-13-ordered-descending.txt.csv, -1, 8.439895,80000,-1095104769
80000-numbers-13-unordered.txt.csv, 0, 4.262623,80000,1599655712
80000-numbers-14-ordered-ascending.txt.csv, 1, 0.000854,80000,79999
80000-numbers-14-ordered-descending.txt.csv, -1, 8.416806,80000,-1095105275
80000-numbers-14-unordered.txt.csv, 0, 4.216265,80000,1598176884
80000-numbers-15-ordered-ascending.txt.csv, 1, 0.000492,80000,79992
80000-numbers-15-ordered-descending.txt.csv, -1, 8.416867,80000,-1095105424
80000-numbers-15-unordered.txt.csv, 0, 4.231096,80000,1594970565
80000-numbers-16-ordered-ascending.txt.csv, 1, 0.000488,80000,79997
80000-numbers-16-ordered-descending.txt.csv, -1, 8.449308,80000,-1095104973
80000-numbers-16-unordered.txt.csv, 0, 4.239372,80000,1602611066
80000-numbers-17-ordered-ascending.txt.csv, 1, 0.000523,80000,79999
80000-numbers-17-ordered-descending.txt.csv, -1, 8.414013,80000,-1095105406
80000-numbers-17-unordered.txt.csv, 0, 4.223084,80000,1602659695
80000-numbers-18-ordered-ascending.txt.csv, 1, 0.000490,80000,79997
80000-numbers-18-ordered-descending.txt.csv, -1, 8.429545,80000,-1095104851
80000-numbers-18-unordered.txt.csv, 0, 4.261028,80000,1598741117
80000-numbers-19-ordered-ascending.txt.csv, 1, 0.000489,80000,79997
80000-numbers-19-ordered-descending.txt.csv, -1, 8.464439,80000,-1095105251
80000-numbers-19-unordered.txt.csv, 0, 4.223549,80000,1591861913
80000-numbers-2-ordered-ascending.txt.csv, 1, 0.000756,80000,79997
80000-numbers-2-ordered-descending.txt.csv, -1, 8.480995,80000,-1095104581
80000-numbers-2-unordered.txt.csv, 0, 4.219253,80000,1599162894
80000-numbers-20-ordered-ascending.txt.csv, 1, 0.000507,80000,79996
80000-numbers-20-ordered-descending.txt.csv, -1, 8.467470,80000,-1095105547
80000-numbers-20-unordered.txt.csv, 0, 4.226818,80000,1596285830
80000-numbers-21-ordered-ascending.txt.csv, 1, 0.000505,80000,79996
80000-numbers-21-ordered-descending.txt.csv, -1, 8.438022,80000,-1095105340
80000-numbers-21-unordered.txt.csv, 0, 4.223134,80000,1596440577
80000-numbers-22-ordered-ascending.txt.csv, 1, 0.000511,80000,79994
80000-numbers-22-ordered-descending.txt.csv, -1, 8.484702,80000,-1095105711
80000-numbers-22-unordered.txt.csv, 0, 4.245177,80000,1600832187
80000-numbers-23-ordered-ascending.txt.csv, 1, 0.000522,80000,79994
80000-numbers-23-ordered-descending.txt.csv, -1, 8.493793,80000,-1095105557
80000-numbers-23-unordered.txt.csv, 0, 4.254090,80000,1601525017
80000-numbers-24-ordered-ascending.txt.csv, 1, 0.000507,80000,79996
80000-numbers-24-ordered-descending.txt.csv, -1, 8.452337,80000,-1095105411
80000-numbers-24-unordered.txt.csv, 0, 4.244918,80000,1599145029
80000-numbers-25-ordered-ascending.txt.csv, 1, 0.000489,80000,79995
80000-numbers-25-ordered-descending.txt.csv, -1, 8.343785,80000,-1095105174
80000-numbers-25-unordered.txt.csv, 0, 4.234894,80000,1598584974
80000-numbers-26-ordered-ascending.txt.csv, 1, 0.000545,80000,79998
80000-numbers-26-ordered-descending.txt.csv, -1, 8.448537,80000,-1095104996
80000-numbers-26-unordered.txt.csv, 0, 4.242906,80000,1605638134
80000-numbers-27-ordered-ascending.txt.csv, 1, 0.000508,80000,79999
80000-numbers-27-ordered-descending.txt.csv, -1, 8.416512,80000,-1095105372
80000-numbers-27-unordered.txt.csv, 0, 4.248332,80000,1605333900
80000-numbers-28-ordered-ascending.txt.csv, 1, 0.000563,80000,79995
80000-numbers-28-ordered-descending.txt.csv, -1, 8.447305,80000,-1095104576
80000-numbers-28-unordered.txt.csv, 0, 4.227545,80000,1596479525
80000-numbers-29-ordered-ascending.txt.csv, 1, 0.000487,80000,79995
80000-numbers-29-ordered-descending.txt.csv, -1, 8.442738,80000,-1095105655
80000-numbers-29-unordered.txt.csv, 0, 4.215392,80000,1598181241
80000-numbers-3-ordered-ascending.txt.csv, 1, 0.000473,80000,79999
80000-numbers-3-ordered-descending.txt.csv, -1, 8.463936,80000,-1095105169
80000-numbers-3-unordered.txt.csv, 0, 4.186180,80000,1592521174
80000-numbers-4-ordered-ascending.txt.csv, 1, 0.000510,80000,79996
80000-numbers-4-ordered-descending.txt.csv, -1, 8.465438,80000,-1095105353
80000-numbers-4-unordered.txt.csv, 0, 4.247579,80000,1601152012
80000-numbers-5-ordered-ascending.txt.csv, 1, 0.000577,80000,79998
80000-numbers-5-ordered-descending.txt.csv, -1, 8.467404,80000,-1095104896
80000-numbers-5-unordered.txt.csv, 0, 4.309896,80000,1600955309
80000-numbers-6-ordered-ascending.txt.csv, 1, 0.000509,80000,79994
80000-numbers-6-ordered-descending.txt.csv, -1, 8.464092,80000,-1095105360
80000-numbers-6-unordered.txt.csv, 0, 4.233297,80000,1600374707
80000-numbers-7-ordered-ascending.txt.csv, 1, 0.000512,80000,79997
80000-numbers-7-ordered-descending.txt.csv, -1, 8.506145,80000,-1095105207
80000-numbers-7-unordered.txt.csv, 0, 4.237558,80000,1605983446
80000-numbers-8-ordered-ascending.txt.csv, 1, 0.000478,80000,79993
80000-numbers-8-ordered-descending.txt.csv, -1, 8.433144,80000,-1095104292
80000-numbers-8-unordered.txt.csv, 0, 4.208449,80000,1599363345
80000-numbers-9-ordered-ascending.txt.csv, 1, 0.000518,80000,79997
80000-numbers-9-ordered-descending.txt.csv, -1, 8.442033,80000,-1095104886
80000-numbers-9-unordered.txt.csv, 0, 4.275477,80000,1604385098
90000-numbers-0-ordered-ascending.txt.csv, 1, 0.000769,90000,89994
90000-numbers-0-ordered-descending.txt.csv, -1, 10.995051,90000,-245135732
90000-numbers-0-unordered.txt.csv, 0, 5.510983,90000,2029204244
90000-numbers-1-ordered-ascending.txt.csv, 1, 0.000592,90000,89996
90000-numbers-1-ordered-descending.txt.csv, -1, 11.045984,90000,-245135774
90000-numbers-1-unordered.txt.csv, 0, 5.435216,90000,2031179100
90000-numbers-10-ordered-ascending.txt.csv, 1, 0.000552,90000,89997
90000-numbers-10-ordered-descending.txt.csv, -1, 11.448443,90000,-245136024
90000-numbers-10-unordered.txt.csv, 0, 5.634868,90000,2027186375
90000-numbers-11-ordered-ascending.txt.csv, 1, 0.000595,90000,89999
90000-numbers-11-ordered-descending.txt.csv, -1, 11.262761,90000,-245135360
90000-numbers-11-unordered.txt.csv, 0, 5.441683,90000,2030227015
90000-numbers-12-ordered-ascending.txt.csv, 1, 0.000901,90000,89999
90000-numbers-12-ordered-descending.txt.csv, -1, 12.594150,90000,-245135358
90000-numbers-12-unordered.txt.csv, 0, 5.377325,90000,2027229351
90000-numbers-13-ordered-ascending.txt.csv, 1, 0.000560,90000,89995
90000-numbers-13-ordered-descending.txt.csv, -1, 10.799628,90000,-245136021
90000-numbers-13-unordered.txt.csv, 0, 5.429545,90000,2026738921
90000-numbers-14-ordered-ascending.txt.csv, 1, 0.000602,90000,89996
90000-numbers-14-ordered-descending.txt.csv, -1, 10.719807,90000,-245136040
90000-numbers-14-unordered.txt.csv, 0, 5.382470,90000,2024500618
90000-numbers-15-ordered-ascending.txt.csv, 1, 0.000991,90000,89997
90000-numbers-15-ordered-descending.txt.csv, -1, 10.695652,90000,-245135765
90000-numbers-15-unordered.txt.csv, 0, 5.384325,90000,2028916741
90000-numbers-16-ordered-ascending.txt.csv, 1, 0.000561,90000,89997
90000-numbers-16-ordered-descending.txt.csv, -1, 11.043275,90000,-245135841
90000-numbers-16-unordered.txt.csv, 0, 5.438593,90000,2022980537
90000-numbers-17-ordered-ascending.txt.csv, 1, 0.000567,90000,89996
90000-numbers-17-ordered-descending.txt.csv, -1, 11.460684,90000,-245136031
90000-numbers-17-unordered.txt.csv, 0, 5.389351,90000,2030298142
90000-numbers-18-ordered-ascending.txt.csv, 1, 0.000554,90000,89998
90000-numbers-18-ordered-descending.txt.csv, -1, 11.209896,90000,-245135719
90000-numbers-18-unordered.txt.csv, 0, 5.434551,90000,2023549089
90000-numbers-19-ordered-ascending.txt.csv, 1, 0.000551,90000,89995
90000-numbers-19-ordered-descending.txt.csv, -1, 11.115672,90000,-245135356
90000-numbers-19-unordered.txt.csv, 0, 5.318475,90000,2028654807
90000-numbers-2-ordered-ascending.txt.csv, 1, 0.000571,90000,89995
90000-numbers-2-ordered-descending.txt.csv, -1, 10.981233,90000,-245135857
90000-numbers-2-unordered.txt.csv, 0, 5.832247,90000,2020251592
90000-numbers-20-ordered-ascending.txt.csv, 1, 0.000643,90000,89996
90000-numbers-20-ordered-descending.txt.csv, -1, 11.450774,90000,-245136264
90000-numbers-20-unordered.txt.csv, 0, 5.642231,90000,2024664011
90000-numbers-21-ordered-ascending.txt.csv, 1, 0.000606,90000,89996
90000-numbers-21-ordered-descending.txt.csv, -1, 11.190489,90000,-245135528
90000-numbers-21-unordered.txt.csv, 0, 5.614305,90000,2026849112
90000-numbers-22-ordered-ascending.txt.csv, 1, 0.000534,90000,89997
90000-numbers-22-ordered-descending.txt.csv, -1, 11.725699,90000,-245136067
90000-numbers-22-unordered.txt.csv, 0, 5.570337,90000,2021986167
90000-numbers-23-ordered-ascending.txt.csv, 1, 0.000569,90000,89995
90000-numbers-23-ordered-descending.txt.csv, -1, 11.008588,90000,-245135843
90000-numbers-23-unordered.txt.csv, 0, 5.916550,90000,2018539017
90000-numbers-24-ordered-ascending.txt.csv, 1, 0.001069,90000,89996
90000-numbers-24-ordered-descending.txt.csv, -1, 11.621007,90000,-245135295
90000-numbers-24-unordered.txt.csv, 0, 5.766109,90000,2025531545
90000-numbers-25-ordered-ascending.txt.csv, 1, 0.000551,90000,89994
90000-numbers-25-ordered-descending.txt.csv, -1, 12.060964,90000,-245136082
90000-numbers-25-unordered.txt.csv, 0, 6.179472,90000,2032967734
90000-numbers-26-ordered-ascending.txt.csv, 1, 0.000536,90000,89997
90000-numbers-26-ordered-descending.txt.csv, -1, 11.165790,90000,-245135202
90000-numbers-26-unordered.txt.csv, 0, 5.317960,90000,2023981629
90000-numbers-27-ordered-ascending.txt.csv, 1, 0.000566,90000,89998
90000-numbers-27-ordered-descending.txt.csv, -1, 11.262658,90000,-245135858
90000-numbers-27-unordered.txt.csv, 0, 5.660825,90000,2021970772
90000-numbers-28-ordered-ascending.txt.csv, 1, 0.000565,90000,89998
90000-numbers-28-ordered-descending.txt.csv, -1, 11.393351,90000,-245135540
90000-numbers-28-unordered.txt.csv, 0, 5.685542,90000,2017043963
90000-numbers-29-ordered-ascending.txt.csv, 1, 0.000559,90000,89998
90000-numbers-29-ordered-descending.txt.csv, -1, 11.276223,90000,-245136060
90000-numbers-29-unordered.txt.csv, 0, 5.797479,90000,2033711579
90000-numbers-3-ordered-ascending.txt.csv, 1, 0.000627,90000,89993
90000-numbers-3-ordered-descending.txt.csv, -1, 10.970449,90000,-245135912
90000-numbers-3-unordered.txt.csv, 0, 5.746714,90000,2024500139
90000-numbers-4-ordered-ascending.txt.csv, 1, 0.000585,90000,89997
90000-numbers-4-ordered-descending.txt.csv, -1, 11.244220,90000,-245136151
90000-numbers-4-unordered.txt.csv, 0, 5.395318,90000,2024962806
90000-numbers-5-ordered-ascending.txt.csv, 1, 0.000534,90000,89999
90000-numbers-5-ordered-descending.txt.csv, -1, 11.312564,90000,-245135939
90000-numbers-5-unordered.txt.csv, 0, 5.737166,90000,2021555426
90000-numbers-6-ordered-ascending.txt.csv, 1, 0.000585,90000,89998
90000-numbers-6-ordered-descending.txt.csv, -1, 11.280312,90000,-245135420
90000-numbers-6-unordered.txt.csv, 0, 5.390509,90000,2024017147
90000-numbers-7-ordered-ascending.txt.csv, 1, 0.000534,90000,89996
90000-numbers-7-ordered-descending.txt.csv, -1, 11.368323,90000,-245135517
90000-numbers-7-unordered.txt.csv, 0, 5.377320,90000,2023468575
90000-numbers-8-ordered-ascending.txt.csv, 1, 0.000562,90000,89995
90000-numbers-8-ordered-descending.txt.csv, -1, 10.804967,90000,-245135733
90000-numbers-8-unordered.txt.csv, 0, 5.916650,90000,2033948252
90000-numbers-9-ordered-ascending.txt.csv, 1, 0.000963,90000,89997
90000-numbers-9-ordered-descending.txt.csv, -1, 10.936361,90000,-245136070
90000-numbers-9-unordered.txt.csv, 0, 5.483475,90000,2025795757
