FileName, SecondsElapsed, NumberCount, OperationCount

data-set/100-numbers-0-ordered-ascending.txt.csv, 0.000002,100,99
data-set/100-numbers-0-ordered-descending.txt.csv, 0.000020,100,4949
data-set/100-numbers-0-unordered.txt.csv, 0.000013,100,2727
data-set/100-numbers-1-ordered-ascending.txt.csv, 0.000002,100,99
data-set/100-numbers-1-ordered-descending.txt.csv, 0.000039,100,4950
data-set/100-numbers-1-unordered.txt.csv, 0.000009,100,2267
data-set/100-numbers-10-ordered-ascending.txt.csv, 0.000002,100,99
data-set/100-numbers-10-ordered-descending.txt.csv, 0.000016,100,4950
data-set/100-numbers-10-unordered.txt.csv, 0.000009,100,2653
data-set/100-numbers-11-ordered-ascending.txt.csv, 0.000003,100,99
data-set/100-numbers-11-ordered-descending.txt.csv, 0.000014,100,4950
data-set/100-numbers-11-unordered.txt.csv, 0.000009,100,2181
data-set/100-numbers-12-ordered-ascending.txt.csv, 0.000002,100,99
data-set/100-numbers-12-ordered-descending.txt.csv, 0.000015,100,4950
data-set/100-numbers-12-unordered.txt.csv, 0.000010,100,2789
data-set/100-numbers-13-ordered-ascending.txt.csv, 0.000002,100,99
data-set/100-numbers-13-ordered-descending.txt.csv, 0.000017,100,4950
data-set/100-numbers-13-unordered.txt.csv, 0.000010,100,2627
data-set/100-numbers-14-ordered-ascending.txt.csv, 0.000002,100,99
data-set/100-numbers-14-ordered-descending.txt.csv, 0.000015,100,4950
data-set/100-numbers-14-unordered.txt.csv, 0.000010,100,2416
data-set/100-numbers-15-ordered-ascending.txt.csv, 0.000002,100,99
data-set/100-numbers-15-ordered-descending.txt.csv, 0.000016,100,4950
data-set/100-numbers-15-unordered.txt.csv, 0.000015,100,2598
data-set/100-numbers-16-ordered-ascending.txt.csv, 0.000002,100,99
data-set/100-numbers-16-ordered-descending.txt.csv, 0.000015,100,4949
data-set/100-numbers-16-unordered.txt.csv, 0.000010,100,2643
data-set/100-numbers-17-ordered-ascending.txt.csv, 0.000002,100,99
data-set/100-numbers-17-ordered-descending.txt.csv, 0.000016,100,4950
data-set/100-numbers-17-unordered.txt.csv, 0.000009,100,2436
data-set/100-numbers-18-ordered-ascending.txt.csv, 0.000002,100,99
data-set/100-numbers-18-ordered-descending.txt.csv, 0.000016,100,4950
data-set/100-numbers-18-unordered.txt.csv, 0.000010,100,2734
data-set/100-numbers-19-ordered-ascending.txt.csv, 0.000002,100,99
data-set/100-numbers-19-ordered-descending.txt.csv, 0.000015,100,4950
data-set/100-numbers-19-unordered.txt.csv, 0.000010,100,2325
data-set/100-numbers-2-ordered-ascending.txt.csv, 0.000002,100,99
data-set/100-numbers-2-ordered-descending.txt.csv, 0.000015,100,4950
data-set/100-numbers-2-unordered.txt.csv, 0.000017,100,2633
data-set/100-numbers-20-ordered-ascending.txt.csv, 0.000002,100,99
data-set/100-numbers-20-ordered-descending.txt.csv, 0.000015,100,4950
data-set/100-numbers-20-unordered.txt.csv, 0.000009,100,2363
data-set/100-numbers-21-ordered-ascending.txt.csv, 0.000003,100,99
data-set/100-numbers-21-ordered-descending.txt.csv, 0.000025,100,4950
data-set/100-numbers-21-unordered.txt.csv, 0.000010,100,2630
data-set/100-numbers-22-ordered-ascending.txt.csv, 0.000002,100,99
data-set/100-numbers-22-ordered-descending.txt.csv, 0.000033,100,4949
data-set/100-numbers-22-unordered.txt.csv, 0.000010,100,2476
data-set/100-numbers-23-ordered-ascending.txt.csv, 0.000005,100,99
data-set/100-numbers-23-ordered-descending.txt.csv, 0.000026,100,4950
data-set/100-numbers-23-unordered.txt.csv, 0.000010,100,2600
data-set/100-numbers-24-ordered-ascending.txt.csv, 0.000002,100,99
data-set/100-numbers-24-ordered-descending.txt.csv, 0.000018,100,4950
data-set/100-numbers-24-unordered.txt.csv, 0.000013,100,2340
data-set/100-numbers-25-ordered-ascending.txt.csv, 0.000003,100,99
data-set/100-numbers-25-ordered-descending.txt.csv, 0.000028,100,4950
data-set/100-numbers-25-unordered.txt.csv, 0.000016,100,2495
data-set/100-numbers-26-ordered-ascending.txt.csv, 0.000003,100,99
data-set/100-numbers-26-ordered-descending.txt.csv, 0.000024,100,4950
data-set/100-numbers-26-unordered.txt.csv, 0.000023,100,2646
data-set/100-numbers-27-ordered-ascending.txt.csv, 0.000002,100,99
data-set/100-numbers-27-ordered-descending.txt.csv, 0.000015,100,4950
data-set/100-numbers-27-unordered.txt.csv, 0.000009,100,2443
data-set/100-numbers-28-ordered-ascending.txt.csv, 0.000015,100,99
data-set/100-numbers-28-ordered-descending.txt.csv, 0.000023,100,4950
data-set/100-numbers-28-unordered.txt.csv, 0.000009,100,2339
data-set/100-numbers-29-ordered-ascending.txt.csv, 0.000002,100,99
data-set/100-numbers-29-ordered-descending.txt.csv, 0.000016,100,4950
data-set/100-numbers-29-unordered.txt.csv, 0.000013,100,2357
data-set/100-numbers-3-ordered-ascending.txt.csv, 0.000002,100,99
data-set/100-numbers-3-ordered-descending.txt.csv, 0.000016,100,4950
data-set/100-numbers-3-unordered.txt.csv, 0.000010,100,2506
data-set/100-numbers-30-ordered-ascending.txt.csv, 0.000002,100,99
data-set/100-numbers-30-ordered-descending.txt.csv, 0.000016,100,4950
data-set/100-numbers-30-unordered.txt.csv, 0.000009,100,2276
data-set/100-numbers-31-ordered-ascending.txt.csv, 0.000004,100,99
data-set/100-numbers-31-ordered-descending.txt.csv, 0.000025,100,4949
data-set/100-numbers-31-unordered.txt.csv, 0.000017,100,2402
data-set/100-numbers-32-ordered-ascending.txt.csv, 0.000007,100,99
data-set/100-numbers-32-ordered-descending.txt.csv, 0.000023,100,4950
data-set/100-numbers-32-unordered.txt.csv, 0.000010,100,2826
data-set/100-numbers-33-ordered-ascending.txt.csv, 0.000004,100,99
data-set/100-numbers-33-ordered-descending.txt.csv, 0.000031,100,4950
data-set/100-numbers-33-unordered.txt.csv, 0.000019,100,2613
data-set/100-numbers-34-ordered-ascending.txt.csv, 0.000002,100,99
data-set/100-numbers-34-ordered-descending.txt.csv, 0.000022,100,4950
data-set/100-numbers-34-unordered.txt.csv, 0.000014,100,2589
data-set/100-numbers-35-ordered-ascending.txt.csv, 0.000004,100,99
data-set/100-numbers-35-ordered-descending.txt.csv, 0.000020,100,4950
data-set/100-numbers-35-unordered.txt.csv, 0.000019,100,2636
data-set/100-numbers-36-ordered-ascending.txt.csv, 0.000003,100,99
data-set/100-numbers-36-ordered-descending.txt.csv, 0.000020,100,4950
data-set/100-numbers-36-unordered.txt.csv, 0.000017,100,2454
data-set/100-numbers-37-ordered-ascending.txt.csv, 0.000002,100,99
data-set/100-numbers-37-ordered-descending.txt.csv, 0.000019,100,4950
data-set/100-numbers-37-unordered.txt.csv, 0.000015,100,2669
data-set/100-numbers-38-ordered-ascending.txt.csv, 0.000002,100,99
data-set/100-numbers-38-ordered-descending.txt.csv, 0.000034,100,4950
data-set/100-numbers-38-unordered.txt.csv, 0.000023,100,2651
data-set/100-numbers-39-ordered-ascending.txt.csv, 0.000005,100,99
data-set/100-numbers-39-ordered-descending.txt.csv, 0.000033,100,4950
data-set/100-numbers-39-unordered.txt.csv, 0.000018,100,2481
data-set/100-numbers-4-ordered-ascending.txt.csv, 0.000004,100,99
data-set/100-numbers-4-ordered-descending.txt.csv, 0.000044,100,4950
data-set/100-numbers-4-unordered.txt.csv, 0.000019,100,2273
data-set/100-numbers-40-ordered-ascending.txt.csv, 0.000005,100,99
data-set/100-numbers-40-ordered-descending.txt.csv, 0.000034,100,4949
data-set/100-numbers-40-unordered.txt.csv, 0.000017,100,2399
data-set/100-numbers-41-ordered-ascending.txt.csv, 0.000006,100,99
data-set/100-numbers-41-ordered-descending.txt.csv, 0.000037,100,4950
data-set/100-numbers-41-unordered.txt.csv, 0.000020,100,2631
data-set/100-numbers-42-ordered-ascending.txt.csv, 0.000002,100,99
data-set/100-numbers-42-ordered-descending.txt.csv, 0.000031,100,4950
data-set/100-numbers-42-unordered.txt.csv, 0.000014,100,2873
data-set/100-numbers-43-ordered-ascending.txt.csv, 0.000003,100,99
data-set/100-numbers-43-ordered-descending.txt.csv, 0.000020,100,4950
data-set/100-numbers-43-unordered.txt.csv, 0.000017,100,2337
data-set/100-numbers-44-ordered-ascending.txt.csv, 0.000003,100,99
data-set/100-numbers-44-ordered-descending.txt.csv, 0.000031,100,4950
data-set/100-numbers-44-unordered.txt.csv, 0.000017,100,2563
data-set/100-numbers-45-ordered-ascending.txt.csv, 0.000004,100,99
data-set/100-numbers-45-ordered-descending.txt.csv, 0.000030,100,4950
data-set/100-numbers-45-unordered.txt.csv, 0.000012,100,2517
data-set/100-numbers-46-ordered-ascending.txt.csv, 0.000003,100,99
data-set/100-numbers-46-ordered-descending.txt.csv, 0.000020,100,4950
data-set/100-numbers-46-unordered.txt.csv, 0.000013,100,2623
data-set/100-numbers-47-ordered-ascending.txt.csv, 0.000003,100,99
data-set/100-numbers-47-ordered-descending.txt.csv, 0.000020,100,4949
data-set/100-numbers-47-unordered.txt.csv, 0.000011,100,2292
data-set/100-numbers-48-ordered-ascending.txt.csv, 0.000002,100,99
data-set/100-numbers-48-ordered-descending.txt.csv, 0.000020,100,4950
data-set/100-numbers-48-unordered.txt.csv, 0.000014,100,2686
data-set/100-numbers-49-ordered-ascending.txt.csv, 0.000002,100,99
data-set/100-numbers-49-ordered-descending.txt.csv, 0.000020,100,4950
data-set/100-numbers-49-unordered.txt.csv, 0.000011,100,2349
data-set/100-numbers-5-ordered-ascending.txt.csv, 0.000002,100,99
data-set/100-numbers-5-ordered-descending.txt.csv, 0.000021,100,4950
data-set/100-numbers-5-unordered.txt.csv, 0.000012,100,2473
data-set/100-numbers-50-ordered-ascending.txt.csv, 0.000003,100,99
data-set/100-numbers-50-ordered-descending.txt.csv, 0.000020,100,4950
data-set/100-numbers-50-unordered.txt.csv, 0.000013,100,2461
data-set/100-numbers-51-ordered-ascending.txt.csv, 0.000002,100,99
data-set/100-numbers-51-ordered-descending.txt.csv, 0.000019,100,4950
data-set/100-numbers-51-unordered.txt.csv, 0.000011,100,2436
data-set/100-numbers-52-ordered-ascending.txt.csv, 0.000003,100,99
data-set/100-numbers-52-ordered-descending.txt.csv, 0.000021,100,4950
data-set/100-numbers-52-unordered.txt.csv, 0.000013,100,2638
data-set/100-numbers-53-ordered-ascending.txt.csv, 0.000002,100,99
data-set/100-numbers-53-ordered-descending.txt.csv, 0.000030,100,4950
data-set/100-numbers-53-unordered.txt.csv, 0.000013,100,2728
data-set/100-numbers-54-ordered-ascending.txt.csv, 0.000005,100,99
data-set/100-numbers-54-ordered-descending.txt.csv, 0.000020,100,4950
data-set/100-numbers-54-unordered.txt.csv, 0.000013,100,2714
data-set/100-numbers-55-ordered-ascending.txt.csv, 0.000004,100,99
data-set/100-numbers-55-ordered-descending.txt.csv, 0.000035,100,4950
data-set/100-numbers-55-unordered.txt.csv, 0.000031,100,2444
data-set/100-numbers-56-ordered-ascending.txt.csv, 0.000004,100,99
data-set/100-numbers-56-ordered-descending.txt.csv, 0.000029,100,4950
data-set/100-numbers-56-unordered.txt.csv, 0.000016,100,2441
data-set/100-numbers-57-ordered-ascending.txt.csv, 0.000002,100,99
data-set/100-numbers-57-ordered-descending.txt.csv, 0.000024,100,4949
data-set/100-numbers-57-unordered.txt.csv, 0.000041,100,2710
data-set/100-numbers-58-ordered-ascending.txt.csv, 0.000003,100,99
data-set/100-numbers-58-ordered-descending.txt.csv, 0.000022,100,4950
data-set/100-numbers-58-unordered.txt.csv, 0.000024,100,2361
data-set/100-numbers-59-ordered-ascending.txt.csv, 0.000004,100,99
data-set/100-numbers-59-ordered-descending.txt.csv, 0.000032,100,4950
data-set/100-numbers-59-unordered.txt.csv, 0.000020,100,2575
data-set/100-numbers-6-ordered-ascending.txt.csv, 0.000002,100,99
data-set/100-numbers-6-ordered-descending.txt.csv, 0.000033,100,4950
data-set/100-numbers-6-unordered.txt.csv, 0.000019,100,2469
data-set/100-numbers-60-ordered-ascending.txt.csv, 0.000003,100,99
data-set/100-numbers-60-ordered-descending.txt.csv, 0.000030,100,4950
data-set/100-numbers-60-unordered.txt.csv, 0.000015,100,2419
data-set/100-numbers-61-ordered-ascending.txt.csv, 0.000003,100,99
data-set/100-numbers-61-ordered-descending.txt.csv, 0.000034,100,4950
data-set/100-numbers-61-unordered.txt.csv, 0.000013,100,2529
data-set/100-numbers-62-ordered-ascending.txt.csv, 0.000002,100,99
data-set/100-numbers-62-ordered-descending.txt.csv, 0.000020,100,4950
data-set/100-numbers-62-unordered.txt.csv, 0.000016,100,2866
data-set/100-numbers-63-ordered-ascending.txt.csv, 0.000004,100,99
data-set/100-numbers-63-ordered-descending.txt.csv, 0.000019,100,4950
data-set/100-numbers-63-unordered.txt.csv, 0.000012,100,2265
data-set/100-numbers-64-ordered-ascending.txt.csv, 0.000013,100,99
data-set/100-numbers-64-ordered-descending.txt.csv, 0.000033,100,4950
data-set/100-numbers-64-unordered.txt.csv, 0.000021,100,2510
data-set/100-numbers-65-ordered-ascending.txt.csv, 0.000003,100,99
data-set/100-numbers-65-ordered-descending.txt.csv, 0.000020,100,4950
data-set/100-numbers-65-unordered.txt.csv, 0.000013,100,2249
data-set/100-numbers-66-ordered-ascending.txt.csv, 0.000002,100,99
data-set/100-numbers-66-ordered-descending.txt.csv, 0.000020,100,4950
data-set/100-numbers-66-unordered.txt.csv, 0.000013,100,2572
data-set/100-numbers-67-ordered-ascending.txt.csv, 0.000004,100,99
data-set/100-numbers-67-ordered-descending.txt.csv, 0.000021,100,4950
data-set/100-numbers-67-unordered.txt.csv, 0.000013,100,2364
data-set/100-numbers-68-ordered-ascending.txt.csv, 0.000002,100,99
data-set/100-numbers-68-ordered-descending.txt.csv, 0.000021,100,4950
data-set/100-numbers-68-unordered.txt.csv, 0.000017,100,2456
data-set/100-numbers-69-ordered-ascending.txt.csv, 0.000004,100,99
data-set/100-numbers-69-ordered-descending.txt.csv, 0.000019,100,4950
data-set/100-numbers-69-unordered.txt.csv, 0.000012,100,2476
data-set/100-numbers-7-ordered-ascending.txt.csv, 0.000003,100,99
data-set/100-numbers-7-ordered-descending.txt.csv, 0.000026,100,4950
data-set/100-numbers-7-unordered.txt.csv, 0.000014,100,2838
data-set/100-numbers-70-ordered-ascending.txt.csv, 0.000004,100,99
data-set/100-numbers-70-ordered-descending.txt.csv, 0.000031,100,4950
data-set/100-numbers-70-unordered.txt.csv, 0.000026,100,2684
data-set/100-numbers-71-ordered-ascending.txt.csv, 0.000003,100,99
data-set/100-numbers-71-ordered-descending.txt.csv, 0.000022,100,4950
data-set/100-numbers-71-unordered.txt.csv, 0.000016,100,2554
data-set/100-numbers-72-ordered-ascending.txt.csv, 0.000002,100,99
data-set/100-numbers-72-ordered-descending.txt.csv, 0.000030,100,4950
data-set/100-numbers-72-unordered.txt.csv, 0.000011,100,2280
data-set/100-numbers-73-ordered-ascending.txt.csv, 0.000003,100,99
data-set/100-numbers-73-ordered-descending.txt.csv, 0.000026,100,4949
data-set/100-numbers-73-unordered.txt.csv, 0.000013,100,2376
data-set/100-numbers-74-ordered-ascending.txt.csv, 0.000002,100,99
data-set/100-numbers-74-ordered-descending.txt.csv, 0.000023,100,4950
data-set/100-numbers-74-unordered.txt.csv, 0.000011,100,2693
data-set/100-numbers-75-ordered-ascending.txt.csv, 0.000004,100,99
data-set/100-numbers-75-ordered-descending.txt.csv, 0.000023,100,4950
data-set/100-numbers-75-unordered.txt.csv, 0.000012,100,2492
data-set/100-numbers-76-ordered-ascending.txt.csv, 0.000003,100,99
data-set/100-numbers-76-ordered-descending.txt.csv, 0.000023,100,4950
data-set/100-numbers-76-unordered.txt.csv, 0.000009,100,2475
data-set/100-numbers-77-ordered-ascending.txt.csv, 0.000002,100,99
data-set/100-numbers-77-ordered-descending.txt.csv, 0.000024,100,4949
data-set/100-numbers-77-unordered.txt.csv, 0.000012,100,2284
data-set/100-numbers-78-ordered-ascending.txt.csv, 0.000002,100,99
data-set/100-numbers-78-ordered-descending.txt.csv, 0.000022,100,4950
data-set/100-numbers-78-unordered.txt.csv, 0.000013,100,2577
data-set/100-numbers-79-ordered-ascending.txt.csv, 0.000002,100,99
data-set/100-numbers-79-ordered-descending.txt.csv, 0.000015,100,4949
data-set/100-numbers-79-unordered.txt.csv, 0.000010,100,2594
data-set/100-numbers-8-ordered-ascending.txt.csv, 0.000005,100,99
data-set/100-numbers-8-ordered-descending.txt.csv, 0.000023,100,4950
data-set/100-numbers-8-unordered.txt.csv, 0.000010,100,2635
data-set/100-numbers-80-ordered-ascending.txt.csv, 0.000002,100,99
data-set/100-numbers-80-ordered-descending.txt.csv, 0.000023,100,4950
data-set/100-numbers-80-unordered.txt.csv, 0.000015,100,2507
data-set/100-numbers-81-ordered-ascending.txt.csv, 0.000003,100,99
data-set/100-numbers-81-ordered-descending.txt.csv, 0.000017,100,4950
data-set/100-numbers-81-unordered.txt.csv, 0.000008,100,2339
data-set/100-numbers-82-ordered-ascending.txt.csv, 0.000002,100,99
data-set/100-numbers-82-ordered-descending.txt.csv, 0.000016,100,4950
data-set/100-numbers-82-unordered.txt.csv, 0.000014,100,2649
data-set/100-numbers-83-ordered-ascending.txt.csv, 0.000002,100,98
data-set/100-numbers-83-ordered-descending.txt.csv, 0.000026,100,4949
data-set/100-numbers-83-unordered.txt.csv, 0.000014,100,2529
data-set/100-numbers-84-ordered-ascending.txt.csv, 0.000002,100,99
data-set/100-numbers-84-ordered-descending.txt.csv, 0.000024,100,4950
data-set/100-numbers-84-unordered.txt.csv, 0.000009,100,2333
data-set/100-numbers-85-ordered-ascending.txt.csv, 0.000002,100,99
data-set/100-numbers-85-ordered-descending.txt.csv, 0.000024,100,4950
data-set/100-numbers-85-unordered.txt.csv, 0.000014,100,2652
data-set/100-numbers-86-ordered-ascending.txt.csv, 0.000002,100,99
data-set/100-numbers-86-ordered-descending.txt.csv, 0.000025,100,4950
data-set/100-numbers-86-unordered.txt.csv, 0.000009,100,2552
data-set/100-numbers-87-ordered-ascending.txt.csv, 0.000003,100,99
data-set/100-numbers-87-ordered-descending.txt.csv, 0.000015,100,4950
data-set/100-numbers-87-unordered.txt.csv, 0.000010,100,2521
data-set/100-numbers-88-ordered-ascending.txt.csv, 0.000021,100,99
data-set/100-numbers-88-ordered-descending.txt.csv, 0.000017,100,4950
data-set/100-numbers-88-unordered.txt.csv, 0.000016,100,2826
data-set/100-numbers-89-ordered-ascending.txt.csv, 0.000003,100,99
data-set/100-numbers-89-ordered-descending.txt.csv, 0.000023,100,4950
data-set/100-numbers-89-unordered.txt.csv, 0.000013,100,2536
data-set/100-numbers-9-ordered-ascending.txt.csv, 0.000002,100,99
data-set/100-numbers-9-ordered-descending.txt.csv, 0.000036,100,4950
data-set/100-numbers-9-unordered.txt.csv, 0.000012,100,2400
data-set/100-numbers-90-ordered-ascending.txt.csv, 0.000002,100,99
data-set/100-numbers-90-ordered-descending.txt.csv, 0.000015,100,4949
data-set/100-numbers-90-unordered.txt.csv, 0.000009,100,2401
data-set/100-numbers-91-ordered-ascending.txt.csv, 0.000002,100,99
data-set/100-numbers-91-ordered-descending.txt.csv, 0.000024,100,4950
data-set/100-numbers-91-unordered.txt.csv, 0.000010,100,2453
data-set/100-numbers-92-ordered-ascending.txt.csv, 0.000003,100,99
data-set/100-numbers-92-ordered-descending.txt.csv, 0.000015,100,4950
data-set/100-numbers-92-unordered.txt.csv, 0.000010,100,2490
data-set/100-numbers-93-ordered-ascending.txt.csv, 0.000002,100,99
data-set/100-numbers-93-ordered-descending.txt.csv, 0.000027,100,4950
data-set/100-numbers-93-unordered.txt.csv, 0.000010,100,2564
data-set/100-numbers-94-ordered-ascending.txt.csv, 0.000002,100,99
data-set/100-numbers-94-ordered-descending.txt.csv, 0.000015,100,4950
data-set/100-numbers-94-unordered.txt.csv, 0.000009,100,2465
data-set/100-numbers-95-ordered-ascending.txt.csv, 0.000002,100,99
data-set/100-numbers-95-ordered-descending.txt.csv, 0.000015,100,4950
data-set/100-numbers-95-unordered.txt.csv, 0.000009,100,2369
data-set/100-numbers-96-ordered-ascending.txt.csv, 0.000002,100,99
data-set/100-numbers-96-ordered-descending.txt.csv, 0.000014,100,4950
data-set/100-numbers-96-unordered.txt.csv, 0.000029,100,2679
data-set/100-numbers-97-ordered-ascending.txt.csv, 0.000002,100,99
data-set/100-numbers-97-ordered-descending.txt.csv, 0.000024,100,4950
data-set/100-numbers-97-unordered.txt.csv, 0.000013,100,2576
data-set/100-numbers-98-ordered-ascending.txt.csv, 0.000003,100,99
data-set/100-numbers-98-ordered-descending.txt.csv, 0.000015,100,4950
data-set/100-numbers-98-unordered.txt.csv, 0.000012,100,2539
data-set/100-numbers-99-ordered-ascending.txt.csv, 0.000004,100,99
data-set/100-numbers-99-ordered-descending.txt.csv, 0.000015,100,4950
data-set/100-numbers-99-unordered.txt.csv, 0.000015,100,2562
data-set/1000-numbers-0-ordered-ascending.txt.csv, 0.000011,1000,999
data-set/1000-numbers-0-ordered-descending.txt.csv, 0.001568,1000,499481
data-set/1000-numbers-0-unordered.txt.csv, 0.000864,1000,239640
data-set/1000-numbers-1-ordered-ascending.txt.csv, 0.000012,1000,999
data-set/1000-numbers-1-ordered-descending.txt.csv, 0.001612,1000,499479
data-set/1000-numbers-1-unordered.txt.csv, 0.000821,1000,254474
data-set/1000-numbers-10-ordered-ascending.txt.csv, 0.000011,1000,999
data-set/1000-numbers-10-ordered-descending.txt.csv, 0.001638,1000,499484
data-set/1000-numbers-10-unordered.txt.csv, 0.000974,1000,240116
data-set/1000-numbers-11-ordered-ascending.txt.csv, 0.000007,1000,999
data-set/1000-numbers-11-ordered-descending.txt.csv, 0.001718,1000,499488
data-set/1000-numbers-11-unordered.txt.csv, 0.000735,1000,252665
data-set/1000-numbers-12-ordered-ascending.txt.csv, 0.000010,1000,999
data-set/1000-numbers-12-ordered-descending.txt.csv, 0.001595,1000,499490
data-set/1000-numbers-12-unordered.txt.csv, 0.000880,1000,251345
data-set/1000-numbers-13-ordered-ascending.txt.csv, 0.000007,1000,999
data-set/1000-numbers-13-ordered-descending.txt.csv, 0.001496,1000,499482
data-set/1000-numbers-13-unordered.txt.csv, 0.000795,1000,240593
data-set/1000-numbers-14-ordered-ascending.txt.csv, 0.000013,1000,999
data-set/1000-numbers-14-ordered-descending.txt.csv, 0.001309,1000,499478
data-set/1000-numbers-14-unordered.txt.csv, 0.000664,1000,249555
data-set/1000-numbers-15-ordered-ascending.txt.csv, 0.000007,1000,999
data-set/1000-numbers-15-ordered-descending.txt.csv, 0.001335,1000,499483
data-set/1000-numbers-15-unordered.txt.csv, 0.000827,1000,264678
data-set/1000-numbers-16-ordered-ascending.txt.csv, 0.000007,1000,999
data-set/1000-numbers-16-ordered-descending.txt.csv, 0.001509,1000,499486
data-set/1000-numbers-16-unordered.txt.csv, 0.000977,1000,250523
data-set/1000-numbers-17-ordered-ascending.txt.csv, 0.000008,1000,999
data-set/1000-numbers-17-ordered-descending.txt.csv, 0.002114,1000,499484
data-set/1000-numbers-17-unordered.txt.csv, 0.000901,1000,246366
data-set/1000-numbers-18-ordered-ascending.txt.csv, 0.000007,1000,999
data-set/1000-numbers-18-ordered-descending.txt.csv, 0.001314,1000,499486
data-set/1000-numbers-18-unordered.txt.csv, 0.000654,1000,246523
data-set/1000-numbers-19-ordered-ascending.txt.csv, 0.000011,1000,999
data-set/1000-numbers-19-ordered-descending.txt.csv, 0.002222,1000,499484
data-set/1000-numbers-19-unordered.txt.csv, 0.000664,1000,249396
data-set/1000-numbers-2-ordered-ascending.txt.csv, 0.000007,1000,999
data-set/1000-numbers-2-ordered-descending.txt.csv, 0.001919,1000,499487
data-set/1000-numbers-2-unordered.txt.csv, 0.000651,1000,243765
data-set/1000-numbers-20-ordered-ascending.txt.csv, 0.000008,1000,999
data-set/1000-numbers-20-ordered-descending.txt.csv, 0.001410,1000,499485
data-set/1000-numbers-20-unordered.txt.csv, 0.001058,1000,253119
data-set/1000-numbers-21-ordered-ascending.txt.csv, 0.000014,1000,999
data-set/1000-numbers-21-ordered-descending.txt.csv, 0.002006,1000,499486
data-set/1000-numbers-21-unordered.txt.csv, 0.000906,1000,245903
data-set/1000-numbers-22-ordered-ascending.txt.csv, 0.000008,1000,999
data-set/1000-numbers-22-ordered-descending.txt.csv, 0.001675,1000,499481
data-set/1000-numbers-22-unordered.txt.csv, 0.000872,1000,244681
data-set/1000-numbers-23-ordered-ascending.txt.csv, 0.000007,1000,998
data-set/1000-numbers-23-ordered-descending.txt.csv, 0.002460,1000,499488
data-set/1000-numbers-23-unordered.txt.csv, 0.001078,1000,259400
data-set/1000-numbers-24-ordered-ascending.txt.csv, 0.000012,1000,999
data-set/1000-numbers-24-ordered-descending.txt.csv, 0.001323,1000,499490
data-set/1000-numbers-24-unordered.txt.csv, 0.001055,1000,256519
data-set/1000-numbers-25-ordered-ascending.txt.csv, 0.000007,1000,999
data-set/1000-numbers-25-ordered-descending.txt.csv, 0.002009,1000,499489
data-set/1000-numbers-25-unordered.txt.csv, 0.001008,1000,241755
data-set/1000-numbers-26-ordered-ascending.txt.csv, 0.000011,1000,999
data-set/1000-numbers-26-ordered-descending.txt.csv, 0.002085,1000,499486
data-set/1000-numbers-26-unordered.txt.csv, 0.001040,1000,244981
data-set/1000-numbers-27-ordered-ascending.txt.csv, 0.000007,1000,999
data-set/1000-numbers-27-ordered-descending.txt.csv, 0.001716,1000,499483
data-set/1000-numbers-27-unordered.txt.csv, 0.000795,1000,257802
data-set/1000-numbers-28-ordered-ascending.txt.csv, 0.000008,1000,999
data-set/1000-numbers-28-ordered-descending.txt.csv, 0.001738,1000,499484
data-set/1000-numbers-28-unordered.txt.csv, 0.000768,1000,252439
data-set/1000-numbers-29-ordered-ascending.txt.csv, 0.000007,1000,999
data-set/1000-numbers-29-ordered-descending.txt.csv, 0.001762,1000,499486
data-set/1000-numbers-29-unordered.txt.csv, 0.001096,1000,251053
data-set/1000-numbers-3-ordered-ascending.txt.csv, 0.000012,1000,999
data-set/1000-numbers-3-ordered-descending.txt.csv, 0.001687,1000,499489
data-set/1000-numbers-3-unordered.txt.csv, 0.000703,1000,246501
data-set/1000-numbers-30-ordered-ascending.txt.csv, 0.000007,1000,999
data-set/1000-numbers-30-ordered-descending.txt.csv, 0.001667,1000,499481
data-set/1000-numbers-30-unordered.txt.csv, 0.000670,1000,252071
data-set/1000-numbers-31-ordered-ascending.txt.csv, 0.000008,1000,999
data-set/1000-numbers-31-ordered-descending.txt.csv, 0.001434,1000,499474
data-set/1000-numbers-31-unordered.txt.csv, 0.000661,1000,249022
data-set/1000-numbers-32-ordered-ascending.txt.csv, 0.000007,1000,998
data-set/1000-numbers-32-ordered-descending.txt.csv, 0.001390,1000,499483
data-set/1000-numbers-32-unordered.txt.csv, 0.001031,1000,243924
data-set/1000-numbers-33-ordered-ascending.txt.csv, 0.000008,1000,999
data-set/1000-numbers-33-ordered-descending.txt.csv, 0.002044,1000,499482
data-set/1000-numbers-33-unordered.txt.csv, 0.000978,1000,239077
data-set/1000-numbers-34-ordered-ascending.txt.csv, 0.000012,1000,999
data-set/1000-numbers-34-ordered-descending.txt.csv, 0.002034,1000,499482
data-set/1000-numbers-34-unordered.txt.csv, 0.000640,1000,246817
data-set/1000-numbers-35-ordered-ascending.txt.csv, 0.000007,1000,999
data-set/1000-numbers-35-ordered-descending.txt.csv, 0.001820,1000,499483
data-set/1000-numbers-35-unordered.txt.csv, 0.001064,1000,251883
data-set/1000-numbers-36-ordered-ascending.txt.csv, 0.000009,1000,999
data-set/1000-numbers-36-ordered-descending.txt.csv, 0.001869,1000,499487
data-set/1000-numbers-36-unordered.txt.csv, 0.001024,1000,245381
data-set/1000-numbers-37-ordered-ascending.txt.csv, 0.000007,1000,999
data-set/1000-numbers-37-ordered-descending.txt.csv, 0.001451,1000,499486
data-set/1000-numbers-37-unordered.txt.csv, 0.001029,1000,257382
data-set/1000-numbers-38-ordered-ascending.txt.csv, 0.000007,1000,999
data-set/1000-numbers-38-ordered-descending.txt.csv, 0.001748,1000,499483
data-set/1000-numbers-38-unordered.txt.csv, 0.000692,1000,260238
data-set/1000-numbers-39-ordered-ascending.txt.csv, 0.000021,1000,999
data-set/1000-numbers-39-ordered-descending.txt.csv, 0.001689,1000,499489
data-set/1000-numbers-39-unordered.txt.csv, 0.000717,1000,248445
data-set/1000-numbers-4-ordered-ascending.txt.csv, 0.000011,1000,999
data-set/1000-numbers-4-ordered-descending.txt.csv, 0.001831,1000,499490
data-set/1000-numbers-4-unordered.txt.csv, 0.000819,1000,253244
data-set/1000-numbers-40-ordered-ascending.txt.csv, 0.000012,1000,999
data-set/1000-numbers-40-ordered-descending.txt.csv, 0.001463,1000,499482
data-set/1000-numbers-40-unordered.txt.csv, 0.000805,1000,252404
data-set/1000-numbers-41-ordered-ascending.txt.csv, 0.000010,1000,999
data-set/1000-numbers-41-ordered-descending.txt.csv, 0.001585,1000,499482
data-set/1000-numbers-41-unordered.txt.csv, 0.000735,1000,257347
data-set/1000-numbers-42-ordered-ascending.txt.csv, 0.000007,1000,999
data-set/1000-numbers-42-ordered-descending.txt.csv, 0.001905,1000,499483
data-set/1000-numbers-42-unordered.txt.csv, 0.000774,1000,246669
data-set/1000-numbers-43-ordered-ascending.txt.csv, 0.000008,1000,999
data-set/1000-numbers-43-ordered-descending.txt.csv, 0.001752,1000,499488
data-set/1000-numbers-43-unordered.txt.csv, 0.000714,1000,268554
data-set/1000-numbers-44-ordered-ascending.txt.csv, 0.000008,1000,999
data-set/1000-numbers-44-ordered-descending.txt.csv, 0.001764,1000,499481
data-set/1000-numbers-44-unordered.txt.csv, 0.000660,1000,248919
data-set/1000-numbers-45-ordered-ascending.txt.csv, 0.000011,1000,999
data-set/1000-numbers-45-ordered-descending.txt.csv, 0.001868,1000,499482
data-set/1000-numbers-45-unordered.txt.csv, 0.000889,1000,253728
data-set/1000-numbers-46-ordered-ascending.txt.csv, 0.000007,1000,998
data-set/1000-numbers-46-ordered-descending.txt.csv, 0.001357,1000,499476
data-set/1000-numbers-46-unordered.txt.csv, 0.000653,1000,244012
data-set/1000-numbers-47-ordered-ascending.txt.csv, 0.000010,1000,999
data-set/1000-numbers-47-ordered-descending.txt.csv, 0.001411,1000,499479
data-set/1000-numbers-47-unordered.txt.csv, 0.000740,1000,248119
data-set/1000-numbers-48-ordered-ascending.txt.csv, 0.000007,1000,999
data-set/1000-numbers-48-ordered-descending.txt.csv, 0.001304,1000,499486
data-set/1000-numbers-48-unordered.txt.csv, 0.000714,1000,259667
data-set/1000-numbers-49-ordered-ascending.txt.csv, 0.000011,1000,999
data-set/1000-numbers-49-ordered-descending.txt.csv, 0.001572,1000,499487
data-set/1000-numbers-49-unordered.txt.csv, 0.000687,1000,251676
data-set/1000-numbers-5-ordered-ascending.txt.csv, 0.000008,1000,999
data-set/1000-numbers-5-ordered-descending.txt.csv, 0.001305,1000,499491
data-set/1000-numbers-5-unordered.txt.csv, 0.000679,1000,252642
data-set/1000-numbers-50-ordered-ascending.txt.csv, 0.000007,1000,999
data-set/1000-numbers-50-ordered-descending.txt.csv, 0.001477,1000,499484
data-set/1000-numbers-50-unordered.txt.csv, 0.000645,1000,242315
data-set/1000-numbers-51-ordered-ascending.txt.csv, 0.000012,1000,999
data-set/1000-numbers-51-ordered-descending.txt.csv, 0.002080,1000,499485
data-set/1000-numbers-51-unordered.txt.csv, 0.001022,1000,250038
data-set/1000-numbers-52-ordered-ascending.txt.csv, 0.000007,1000,999
data-set/1000-numbers-52-ordered-descending.txt.csv, 0.001472,1000,499484
data-set/1000-numbers-52-unordered.txt.csv, 0.001011,1000,248041
data-set/1000-numbers-53-ordered-ascending.txt.csv, 0.000012,1000,999
data-set/1000-numbers-53-ordered-descending.txt.csv, 0.001753,1000,499486
data-set/1000-numbers-53-unordered.txt.csv, 0.001022,1000,252477
data-set/1000-numbers-54-ordered-ascending.txt.csv, 0.000012,1000,999
data-set/1000-numbers-54-ordered-descending.txt.csv, 0.002256,1000,499488
data-set/1000-numbers-54-unordered.txt.csv, 0.000721,1000,246635
data-set/1000-numbers-55-ordered-ascending.txt.csv, 0.000011,1000,999
data-set/1000-numbers-55-ordered-descending.txt.csv, 0.001400,1000,499481
data-set/1000-numbers-55-unordered.txt.csv, 0.000673,1000,251956
data-set/1000-numbers-56-ordered-ascending.txt.csv, 0.000011,1000,999
data-set/1000-numbers-56-ordered-descending.txt.csv, 0.001572,1000,499488
data-set/1000-numbers-56-unordered.txt.csv, 0.000721,1000,251684
data-set/1000-numbers-57-ordered-ascending.txt.csv, 0.000008,1000,999
data-set/1000-numbers-57-ordered-descending.txt.csv, 0.001663,1000,499489
data-set/1000-numbers-57-unordered.txt.csv, 0.000871,1000,258739
data-set/1000-numbers-58-ordered-ascending.txt.csv, 0.000010,1000,998
data-set/1000-numbers-58-ordered-descending.txt.csv, 0.001587,1000,499488
data-set/1000-numbers-58-unordered.txt.csv, 0.001119,1000,259439
data-set/1000-numbers-59-ordered-ascending.txt.csv, 0.000008,1000,999
data-set/1000-numbers-59-ordered-descending.txt.csv, 0.001462,1000,499483
data-set/1000-numbers-59-unordered.txt.csv, 0.001006,1000,252216
data-set/1000-numbers-6-ordered-ascending.txt.csv, 0.000008,1000,999
data-set/1000-numbers-6-ordered-descending.txt.csv, 0.001463,1000,499489
data-set/1000-numbers-6-unordered.txt.csv, 0.000716,1000,252433
data-set/1000-numbers-60-ordered-ascending.txt.csv, 0.000012,1000,999
data-set/1000-numbers-60-ordered-descending.txt.csv, 0.001451,1000,499484
data-set/1000-numbers-60-unordered.txt.csv, 0.000976,1000,254742
data-set/1000-numbers-61-ordered-ascending.txt.csv, 0.000007,1000,999
data-set/1000-numbers-61-ordered-descending.txt.csv, 0.001475,1000,499487
data-set/1000-numbers-61-unordered.txt.csv, 0.000770,1000,243240
data-set/1000-numbers-62-ordered-ascending.txt.csv, 0.000007,1000,999
data-set/1000-numbers-62-ordered-descending.txt.csv, 0.001338,1000,499483
data-set/1000-numbers-62-unordered.txt.csv, 0.000732,1000,251704
data-set/1000-numbers-63-ordered-ascending.txt.csv, 0.000012,1000,999
data-set/1000-numbers-63-ordered-descending.txt.csv, 0.002046,1000,499484
data-set/1000-numbers-63-unordered.txt.csv, 0.000917,1000,248133
data-set/1000-numbers-64-ordered-ascending.txt.csv, 0.000007,1000,999
data-set/1000-numbers-64-ordered-descending.txt.csv, 0.002093,1000,499481
data-set/1000-numbers-64-unordered.txt.csv, 0.001017,1000,243590
data-set/1000-numbers-65-ordered-ascending.txt.csv, 0.000007,1000,999
data-set/1000-numbers-65-ordered-descending.txt.csv, 0.001684,1000,499488
data-set/1000-numbers-65-unordered.txt.csv, 0.000951,1000,239407
data-set/1000-numbers-66-ordered-ascending.txt.csv, 0.000008,1000,999
data-set/1000-numbers-66-ordered-descending.txt.csv, 0.001600,1000,499487
data-set/1000-numbers-66-unordered.txt.csv, 0.001038,1000,249863
data-set/1000-numbers-67-ordered-ascending.txt.csv, 0.000007,1000,999
data-set/1000-numbers-67-ordered-descending.txt.csv, 0.002125,1000,499489
data-set/1000-numbers-67-unordered.txt.csv, 0.000887,1000,247132
data-set/1000-numbers-68-ordered-ascending.txt.csv, 0.000007,1000,999
data-set/1000-numbers-68-ordered-descending.txt.csv, 0.002119,1000,499483
data-set/1000-numbers-68-unordered.txt.csv, 0.001018,1000,250266
data-set/1000-numbers-69-ordered-ascending.txt.csv, 0.000010,1000,999
data-set/1000-numbers-69-ordered-descending.txt.csv, 0.002256,1000,499488
data-set/1000-numbers-69-unordered.txt.csv, 0.001075,1000,249898
data-set/1000-numbers-7-ordered-ascending.txt.csv, 0.000011,1000,999
data-set/1000-numbers-7-ordered-descending.txt.csv, 0.001990,1000,499484
data-set/1000-numbers-7-unordered.txt.csv, 0.000843,1000,245931
data-set/1000-numbers-70-ordered-ascending.txt.csv, 0.000007,1000,999
data-set/1000-numbers-70-ordered-descending.txt.csv, 0.002263,1000,499482
data-set/1000-numbers-70-unordered.txt.csv, 0.001029,1000,249612
data-set/1000-numbers-71-ordered-ascending.txt.csv, 0.000011,1000,999
data-set/1000-numbers-71-ordered-descending.txt.csv, 0.001735,1000,499482
data-set/1000-numbers-71-unordered.txt.csv, 0.000979,1000,250463
data-set/1000-numbers-72-ordered-ascending.txt.csv, 0.000007,1000,999
data-set/1000-numbers-72-ordered-descending.txt.csv, 0.001466,1000,499481
data-set/1000-numbers-72-unordered.txt.csv, 0.000719,1000,245497
data-set/1000-numbers-73-ordered-ascending.txt.csv, 0.000007,1000,999
data-set/1000-numbers-73-ordered-descending.txt.csv, 0.001370,1000,499486
data-set/1000-numbers-73-unordered.txt.csv, 0.001076,1000,248981
data-set/1000-numbers-74-ordered-ascending.txt.csv, 0.000007,1000,999
data-set/1000-numbers-74-ordered-descending.txt.csv, 0.001359,1000,499482
data-set/1000-numbers-74-unordered.txt.csv, 0.000705,1000,255802
data-set/1000-numbers-75-ordered-ascending.txt.csv, 0.000015,1000,999
data-set/1000-numbers-75-ordered-descending.txt.csv, 0.001744,1000,499491
data-set/1000-numbers-75-unordered.txt.csv, 0.000775,1000,249618
data-set/1000-numbers-76-ordered-ascending.txt.csv, 0.000007,1000,999
data-set/1000-numbers-76-ordered-descending.txt.csv, 0.002047,1000,499487
data-set/1000-numbers-76-unordered.txt.csv, 0.000691,1000,255377
data-set/1000-numbers-77-ordered-ascending.txt.csv, 0.000007,1000,999
data-set/1000-numbers-77-ordered-descending.txt.csv, 0.001303,1000,499481
data-set/1000-numbers-77-unordered.txt.csv, 0.000673,1000,252452
data-set/1000-numbers-78-ordered-ascending.txt.csv, 0.000007,1000,999
data-set/1000-numbers-78-ordered-descending.txt.csv, 0.001333,1000,499484
data-set/1000-numbers-78-unordered.txt.csv, 0.000902,1000,252007
data-set/1000-numbers-79-ordered-ascending.txt.csv, 0.000007,1000,999
data-set/1000-numbers-79-ordered-descending.txt.csv, 0.001266,1000,499489
data-set/1000-numbers-79-unordered.txt.csv, 0.000690,1000,259117
data-set/1000-numbers-8-ordered-ascending.txt.csv, 0.000008,1000,999
data-set/1000-numbers-8-ordered-descending.txt.csv, 0.001315,1000,499483
data-set/1000-numbers-8-unordered.txt.csv, 0.000806,1000,248678
data-set/1000-numbers-80-ordered-ascending.txt.csv, 0.000008,1000,999
data-set/1000-numbers-80-ordered-descending.txt.csv, 0.001312,1000,499485
data-set/1000-numbers-80-unordered.txt.csv, 0.000652,1000,244068
data-set/1000-numbers-81-ordered-ascending.txt.csv, 0.000008,1000,999
data-set/1000-numbers-81-ordered-descending.txt.csv, 0.001362,1000,499487
data-set/1000-numbers-81-unordered.txt.csv, 0.001069,1000,245792
data-set/1000-numbers-82-ordered-ascending.txt.csv, 0.000013,1000,999
data-set/1000-numbers-82-ordered-descending.txt.csv, 0.002177,1000,499491
data-set/1000-numbers-82-unordered.txt.csv, 0.000914,1000,248289
data-set/1000-numbers-83-ordered-ascending.txt.csv, 0.000007,1000,999
data-set/1000-numbers-83-ordered-descending.txt.csv, 0.001580,1000,499486
data-set/1000-numbers-83-unordered.txt.csv, 0.000677,1000,245449
data-set/1000-numbers-84-ordered-ascending.txt.csv, 0.000008,1000,999
data-set/1000-numbers-84-ordered-descending.txt.csv, 0.002057,1000,499487
data-set/1000-numbers-84-unordered.txt.csv, 0.000822,1000,252409
data-set/1000-numbers-85-ordered-ascending.txt.csv, 0.000008,1000,999
data-set/1000-numbers-85-ordered-descending.txt.csv, 0.002125,1000,499483
data-set/1000-numbers-85-unordered.txt.csv, 0.000860,1000,253022
data-set/1000-numbers-86-ordered-ascending.txt.csv, 0.000006,1000,999
data-set/1000-numbers-86-ordered-descending.txt.csv, 0.002340,1000,499480
data-set/1000-numbers-86-unordered.txt.csv, 0.000972,1000,245649
data-set/1000-numbers-87-ordered-ascending.txt.csv, 0.000012,1000,999
data-set/1000-numbers-87-ordered-descending.txt.csv, 0.001722,1000,499478
data-set/1000-numbers-87-unordered.txt.csv, 0.000762,1000,254451
data-set/1000-numbers-88-ordered-ascending.txt.csv, 0.000013,1000,999
data-set/1000-numbers-88-ordered-descending.txt.csv, 0.002047,1000,499486
data-set/1000-numbers-88-unordered.txt.csv, 0.000750,1000,251458
data-set/1000-numbers-89-ordered-ascending.txt.csv, 0.000011,1000,999
data-set/1000-numbers-89-ordered-descending.txt.csv, 0.001622,1000,499485
data-set/1000-numbers-89-unordered.txt.csv, 0.000982,1000,255770
data-set/1000-numbers-9-ordered-ascending.txt.csv, 0.000011,1000,999
data-set/1000-numbers-9-ordered-descending.txt.csv, 0.001800,1000,499479
data-set/1000-numbers-9-unordered.txt.csv, 0.001025,1000,249017
data-set/1000-numbers-90-ordered-ascending.txt.csv, 0.000008,1000,998
data-set/1000-numbers-90-ordered-descending.txt.csv, 0.001548,1000,499489
data-set/1000-numbers-90-unordered.txt.csv, 0.000645,1000,250482
data-set/1000-numbers-91-ordered-ascending.txt.csv, 0.000007,1000,999
data-set/1000-numbers-91-ordered-descending.txt.csv, 0.002143,1000,499487
data-set/1000-numbers-91-unordered.txt.csv, 0.000982,1000,249389
data-set/1000-numbers-92-ordered-ascending.txt.csv, 0.000012,1000,999
data-set/1000-numbers-92-ordered-descending.txt.csv, 0.001693,1000,499481
data-set/1000-numbers-92-unordered.txt.csv, 0.000717,1000,253237
data-set/1000-numbers-93-ordered-ascending.txt.csv, 0.000014,1000,999
data-set/1000-numbers-93-ordered-descending.txt.csv, 0.001332,1000,499493
data-set/1000-numbers-93-unordered.txt.csv, 0.000789,1000,250813
data-set/1000-numbers-94-ordered-ascending.txt.csv, 0.000008,1000,999
data-set/1000-numbers-94-ordered-descending.txt.csv, 0.001721,1000,499491
data-set/1000-numbers-94-unordered.txt.csv, 0.000808,1000,253179
data-set/1000-numbers-95-ordered-ascending.txt.csv, 0.000011,1000,999
data-set/1000-numbers-95-ordered-descending.txt.csv, 0.001607,1000,499486
data-set/1000-numbers-95-unordered.txt.csv, 0.001194,1000,249057
data-set/1000-numbers-96-ordered-ascending.txt.csv, 0.000012,1000,999
data-set/1000-numbers-96-ordered-descending.txt.csv, 0.002028,1000,499490
data-set/1000-numbers-96-unordered.txt.csv, 0.001038,1000,249040
data-set/1000-numbers-97-ordered-ascending.txt.csv, 0.000012,1000,999
data-set/1000-numbers-97-ordered-descending.txt.csv, 0.002100,1000,499491
data-set/1000-numbers-97-unordered.txt.csv, 0.001032,1000,246780
data-set/1000-numbers-98-ordered-ascending.txt.csv, 0.000013,1000,999
data-set/1000-numbers-98-ordered-descending.txt.csv, 0.002014,1000,499486
data-set/1000-numbers-98-unordered.txt.csv, 0.001023,1000,240436
data-set/1000-numbers-99-ordered-ascending.txt.csv, 0.000010,1000,999
data-set/1000-numbers-99-ordered-descending.txt.csv, 0.002085,1000,499483
data-set/1000-numbers-99-unordered.txt.csv, 0.001025,1000,246118
data-set/10000-numbers-0-ordered-ascending.txt.csv, 0.000094,10000,9999
data-set/10000-numbers-0-ordered-descending.txt.csv, 0.173077,10000,49993433
data-set/10000-numbers-0-unordered.txt.csv, 0.098794,10000,24994472
data-set/10000-numbers-1-ordered-ascending.txt.csv, 0.000093,10000,9999
data-set/10000-numbers-1-ordered-descending.txt.csv, 0.169667,10000,49993444
data-set/10000-numbers-1-unordered.txt.csv, 0.091236,10000,25009384
data-set/10000-numbers-10-ordered-ascending.txt.csv, 0.000072,10000,9998
data-set/10000-numbers-10-ordered-descending.txt.csv, 0.226936,10000,49993481
data-set/10000-numbers-10-unordered.txt.csv, 0.107697,10000,24893117
data-set/10000-numbers-11-ordered-ascending.txt.csv, 0.000079,10000,9999
data-set/10000-numbers-11-ordered-descending.txt.csv, 0.218882,10000,49993452
data-set/10000-numbers-11-unordered.txt.csv, 0.114734,10000,24976317
data-set/10000-numbers-12-ordered-ascending.txt.csv, 0.000079,10000,9999
data-set/10000-numbers-12-ordered-descending.txt.csv, 0.193362,10000,49993545
data-set/10000-numbers-12-unordered.txt.csv, 0.096445,10000,25344129
data-set/10000-numbers-13-ordered-ascending.txt.csv, 0.000078,10000,9999
data-set/10000-numbers-13-ordered-descending.txt.csv, 0.204954,10000,49993506
data-set/10000-numbers-13-unordered.txt.csv, 0.096412,10000,25178423
data-set/10000-numbers-14-ordered-ascending.txt.csv, 0.000079,10000,9998
data-set/10000-numbers-14-ordered-descending.txt.csv, 0.229812,10000,49993463
data-set/10000-numbers-14-unordered.txt.csv, 0.111890,10000,24917869
data-set/10000-numbers-15-ordered-ascending.txt.csv, 0.000078,10000,9999
data-set/10000-numbers-15-ordered-descending.txt.csv, 0.209353,10000,49993523
data-set/10000-numbers-15-unordered.txt.csv, 0.077605,10000,25019998
data-set/10000-numbers-16-ordered-ascending.txt.csv, 0.000062,10000,9998
data-set/10000-numbers-16-ordered-descending.txt.csv, 0.173988,10000,49993476
data-set/10000-numbers-16-unordered.txt.csv, 0.073522,10000,24797781
data-set/10000-numbers-17-ordered-ascending.txt.csv, 0.000063,10000,9999
data-set/10000-numbers-17-ordered-descending.txt.csv, 0.177570,10000,49993398
data-set/10000-numbers-17-unordered.txt.csv, 0.093409,10000,25227347
data-set/10000-numbers-18-ordered-ascending.txt.csv, 0.000079,10000,9999
data-set/10000-numbers-18-ordered-descending.txt.csv, 0.178474,10000,49993601
data-set/10000-numbers-18-unordered.txt.csv, 0.091895,10000,24813134
data-set/10000-numbers-19-ordered-ascending.txt.csv, 0.000069,10000,9999
data-set/10000-numbers-19-ordered-descending.txt.csv, 0.168821,10000,49993544
data-set/10000-numbers-19-unordered.txt.csv, 0.090046,10000,24967395
data-set/10000-numbers-2-ordered-ascending.txt.csv, 0.000062,10000,9999
data-set/10000-numbers-2-ordered-descending.txt.csv, 0.159354,10000,49993464
data-set/10000-numbers-2-unordered.txt.csv, 0.086388,10000,25041332
data-set/10000-numbers-20-ordered-ascending.txt.csv, 0.000104,10000,9999
data-set/10000-numbers-20-ordered-descending.txt.csv, 0.202424,10000,49993440
data-set/10000-numbers-20-unordered.txt.csv, 0.092514,10000,24890619
data-set/10000-numbers-21-ordered-ascending.txt.csv, 0.000096,10000,9999
data-set/10000-numbers-21-ordered-descending.txt.csv, 0.168038,10000,49993431
data-set/10000-numbers-21-unordered.txt.csv, 0.082622,10000,25037023
data-set/10000-numbers-22-ordered-ascending.txt.csv, 0.000063,10000,9999
data-set/10000-numbers-22-ordered-descending.txt.csv, 0.160513,10000,49993478
data-set/10000-numbers-22-unordered.txt.csv, 0.087191,10000,25473911
data-set/10000-numbers-23-ordered-ascending.txt.csv, 0.000101,10000,9999
data-set/10000-numbers-23-ordered-descending.txt.csv, 0.175025,10000,49993499
data-set/10000-numbers-23-unordered.txt.csv, 0.091724,10000,24959698
data-set/10000-numbers-24-ordered-ascending.txt.csv, 0.000066,10000,9997
data-set/10000-numbers-24-ordered-descending.txt.csv, 0.157893,10000,49993482
data-set/10000-numbers-24-unordered.txt.csv, 0.080402,10000,25222188
data-set/10000-numbers-25-ordered-ascending.txt.csv, 0.000081,10000,9997
data-set/10000-numbers-25-ordered-descending.txt.csv, 0.153422,10000,49993444
data-set/10000-numbers-25-unordered.txt.csv, 0.081441,10000,24837016
data-set/10000-numbers-26-ordered-ascending.txt.csv, 0.000062,10000,9999
data-set/10000-numbers-26-ordered-descending.txt.csv, 0.155883,10000,49993497
data-set/10000-numbers-26-unordered.txt.csv, 0.086422,10000,25102970
data-set/10000-numbers-27-ordered-ascending.txt.csv, 0.000106,10000,9998
data-set/10000-numbers-27-ordered-descending.txt.csv, 0.196049,10000,49993412
data-set/10000-numbers-27-unordered.txt.csv, 0.091223,10000,24922544
data-set/10000-numbers-28-ordered-ascending.txt.csv, 0.000105,10000,9998
data-set/10000-numbers-28-ordered-descending.txt.csv, 0.186724,10000,49993464
data-set/10000-numbers-28-unordered.txt.csv, 0.085535,10000,25319477
data-set/10000-numbers-29-ordered-ascending.txt.csv, 0.000072,10000,9998
data-set/10000-numbers-29-ordered-descending.txt.csv, 0.162748,10000,49993509
data-set/10000-numbers-29-unordered.txt.csv, 0.079509,10000,25107908
data-set/10000-numbers-3-ordered-ascending.txt.csv, 0.000066,10000,9999
data-set/10000-numbers-3-ordered-descending.txt.csv, 0.150470,10000,49993466
data-set/10000-numbers-3-unordered.txt.csv, 0.082191,10000,25211956
data-set/10000-numbers-30-ordered-ascending.txt.csv, 0.000069,10000,9999
data-set/10000-numbers-30-ordered-descending.txt.csv, 0.165738,10000,49993450
data-set/10000-numbers-30-unordered.txt.csv, 0.085915,10000,25138281
data-set/10000-numbers-31-ordered-ascending.txt.csv, 0.000093,10000,9998
data-set/10000-numbers-31-ordered-descending.txt.csv, 0.179161,10000,49993474
data-set/10000-numbers-31-unordered.txt.csv, 0.105027,10000,25298224
data-set/10000-numbers-32-ordered-ascending.txt.csv, 0.000097,10000,9999
data-set/10000-numbers-32-ordered-descending.txt.csv, 0.191667,10000,49993515
data-set/10000-numbers-32-unordered.txt.csv, 0.082287,10000,25129022
data-set/10000-numbers-33-ordered-ascending.txt.csv, 0.000087,10000,9998
data-set/10000-numbers-33-ordered-descending.txt.csv, 0.185346,10000,49993456
data-set/10000-numbers-33-unordered.txt.csv, 0.109719,10000,24900133
data-set/10000-numbers-34-ordered-ascending.txt.csv, 0.000061,10000,9999
data-set/10000-numbers-34-ordered-descending.txt.csv, 0.172179,10000,49993443
data-set/10000-numbers-34-unordered.txt.csv, 0.090179,10000,24905683
data-set/10000-numbers-35-ordered-ascending.txt.csv, 0.000067,10000,9999
data-set/10000-numbers-35-ordered-descending.txt.csv, 0.236057,10000,49993517
data-set/10000-numbers-35-unordered.txt.csv, 0.135710,10000,25085854
data-set/10000-numbers-36-ordered-ascending.txt.csv, 0.000126,10000,9999
data-set/10000-numbers-36-ordered-descending.txt.csv, 0.256945,10000,49993527
data-set/10000-numbers-36-unordered.txt.csv, 0.110212,10000,24932187
data-set/10000-numbers-37-ordered-ascending.txt.csv, 0.000108,10000,9999
data-set/10000-numbers-37-ordered-descending.txt.csv, 0.240185,10000,49993507
data-set/10000-numbers-37-unordered.txt.csv, 0.136320,10000,24955600
data-set/10000-numbers-38-ordered-ascending.txt.csv, 0.000125,10000,9999
data-set/10000-numbers-38-ordered-descending.txt.csv, 0.251781,10000,49993498
data-set/10000-numbers-38-unordered.txt.csv, 0.108654,10000,25308180
data-set/10000-numbers-39-ordered-ascending.txt.csv, 0.000080,10000,9999
data-set/10000-numbers-39-ordered-descending.txt.csv, 0.202630,10000,49993490
data-set/10000-numbers-39-unordered.txt.csv, 0.107129,10000,25036479
data-set/10000-numbers-4-ordered-ascending.txt.csv, 0.000078,10000,9999
data-set/10000-numbers-4-ordered-descending.txt.csv, 0.240251,10000,49993461
data-set/10000-numbers-4-unordered.txt.csv, 0.109193,10000,24888694
data-set/10000-numbers-40-ordered-ascending.txt.csv, 0.000089,10000,9999
data-set/10000-numbers-40-ordered-descending.txt.csv, 0.230548,10000,49993402
data-set/10000-numbers-40-unordered.txt.csv, 0.128209,10000,25091198
data-set/10000-numbers-41-ordered-ascending.txt.csv, 0.000080,10000,9997
data-set/10000-numbers-41-ordered-descending.txt.csv, 0.245712,10000,49993505
data-set/10000-numbers-41-unordered.txt.csv, 0.134379,10000,25088338
data-set/10000-numbers-42-ordered-ascending.txt.csv, 0.000114,10000,9999
data-set/10000-numbers-42-ordered-descending.txt.csv, 0.246954,10000,49993472
data-set/10000-numbers-42-unordered.txt.csv, 0.145213,10000,24979780
data-set/10000-numbers-43-ordered-ascending.txt.csv, 0.000184,10000,9999
data-set/10000-numbers-43-ordered-descending.txt.csv, 0.322454,10000,49993526
data-set/10000-numbers-43-unordered.txt.csv, 0.093531,10000,25028953
data-set/10000-numbers-44-ordered-ascending.txt.csv, 0.000095,10000,9999
data-set/10000-numbers-44-ordered-descending.txt.csv, 0.207779,10000,49993500
data-set/10000-numbers-44-unordered.txt.csv, 0.103224,10000,25180142
data-set/10000-numbers-45-ordered-ascending.txt.csv, 0.000100,10000,9999
data-set/10000-numbers-45-ordered-descending.txt.csv, 0.180276,10000,49993505
data-set/10000-numbers-45-unordered.txt.csv, 0.097787,10000,25161980
data-set/10000-numbers-46-ordered-ascending.txt.csv, 0.000063,10000,9999
data-set/10000-numbers-46-ordered-descending.txt.csv, 0.197276,10000,49993440
data-set/10000-numbers-46-unordered.txt.csv, 0.084703,10000,24985481
data-set/10000-numbers-47-ordered-ascending.txt.csv, 0.000081,10000,9999
data-set/10000-numbers-47-ordered-descending.txt.csv, 0.177685,10000,49993405
data-set/10000-numbers-47-unordered.txt.csv, 0.082036,10000,24669813
data-set/10000-numbers-48-ordered-ascending.txt.csv, 0.000076,10000,9998
data-set/10000-numbers-48-ordered-descending.txt.csv, 0.159144,10000,49993467
data-set/10000-numbers-48-unordered.txt.csv, 0.079746,10000,24848278
data-set/10000-numbers-49-ordered-ascending.txt.csv, 0.000061,10000,9998
data-set/10000-numbers-49-ordered-descending.txt.csv, 0.186620,10000,49993457
data-set/10000-numbers-49-unordered.txt.csv, 0.089091,10000,24962854
data-set/10000-numbers-5-ordered-ascending.txt.csv, 0.000062,10000,9999
data-set/10000-numbers-5-ordered-descending.txt.csv, 0.169544,10000,49993443
data-set/10000-numbers-5-unordered.txt.csv, 0.090531,10000,24923315
data-set/10000-numbers-50-ordered-ascending.txt.csv, 0.000070,10000,9999
data-set/10000-numbers-50-ordered-descending.txt.csv, 0.187217,10000,49993450
data-set/10000-numbers-50-unordered.txt.csv, 0.095843,10000,25198160
data-set/10000-numbers-51-ordered-ascending.txt.csv, 0.000078,10000,9999
data-set/10000-numbers-51-ordered-descending.txt.csv, 0.194170,10000,49993526
data-set/10000-numbers-51-unordered.txt.csv, 0.094276,10000,25074647
data-set/10000-numbers-52-ordered-ascending.txt.csv, 0.000079,10000,9999
data-set/10000-numbers-52-ordered-descending.txt.csv, 0.187441,10000,49993416
data-set/10000-numbers-52-unordered.txt.csv, 0.109775,10000,25122179
data-set/10000-numbers-53-ordered-ascending.txt.csv, 0.000083,10000,9999
data-set/10000-numbers-53-ordered-descending.txt.csv, 0.218185,10000,49993487
data-set/10000-numbers-53-unordered.txt.csv, 0.110725,10000,24994416
data-set/10000-numbers-54-ordered-ascending.txt.csv, 0.000117,10000,9999
data-set/10000-numbers-54-ordered-descending.txt.csv, 0.209470,10000,49993497
data-set/10000-numbers-54-unordered.txt.csv, 0.105436,10000,25035274
data-set/10000-numbers-55-ordered-ascending.txt.csv, 0.000080,10000,9999
data-set/10000-numbers-55-ordered-descending.txt.csv, 0.202814,10000,49993549
data-set/10000-numbers-55-unordered.txt.csv, 0.109628,10000,25126027
data-set/10000-numbers-56-ordered-ascending.txt.csv, 0.000101,10000,9999
data-set/10000-numbers-56-ordered-descending.txt.csv, 0.203339,10000,49993415
data-set/10000-numbers-56-unordered.txt.csv, 0.108083,10000,25031172
data-set/10000-numbers-57-ordered-ascending.txt.csv, 0.000117,10000,9999
data-set/10000-numbers-57-ordered-descending.txt.csv, 0.220976,10000,49993482
data-set/10000-numbers-57-unordered.txt.csv, 0.116048,10000,24702834
data-set/10000-numbers-58-ordered-ascending.txt.csv, 0.000082,10000,9999
data-set/10000-numbers-58-ordered-descending.txt.csv, 0.253644,10000,49993515
data-set/10000-numbers-58-unordered.txt.csv, 0.111850,10000,25235199
data-set/10000-numbers-59-ordered-ascending.txt.csv, 0.000116,10000,9999
data-set/10000-numbers-59-ordered-descending.txt.csv, 0.249172,10000,49993431
data-set/10000-numbers-59-unordered.txt.csv, 0.109142,10000,25098587
data-set/10000-numbers-6-ordered-ascending.txt.csv, 0.000096,10000,9997
data-set/10000-numbers-6-ordered-descending.txt.csv, 0.232666,10000,49993545
data-set/10000-numbers-6-unordered.txt.csv, 0.114094,10000,24905070
data-set/10000-numbers-60-ordered-ascending.txt.csv, 0.000077,10000,9999
data-set/10000-numbers-60-ordered-descending.txt.csv, 0.219202,10000,49993462
data-set/10000-numbers-60-unordered.txt.csv, 0.107473,10000,24938056
data-set/10000-numbers-61-ordered-ascending.txt.csv, 0.000119,10000,9999
data-set/10000-numbers-61-ordered-descending.txt.csv, 0.227028,10000,49993490
data-set/10000-numbers-61-unordered.txt.csv, 0.129541,10000,24939317
data-set/10000-numbers-62-ordered-ascending.txt.csv, 0.000079,10000,9999
data-set/10000-numbers-62-ordered-descending.txt.csv, 0.232324,10000,49993482
data-set/10000-numbers-62-unordered.txt.csv, 0.122126,10000,24918654
data-set/10000-numbers-63-ordered-ascending.txt.csv, 0.000130,10000,9999
data-set/10000-numbers-63-ordered-descending.txt.csv, 0.249280,10000,49993479
data-set/10000-numbers-63-unordered.txt.csv, 0.145595,10000,24823576
data-set/10000-numbers-64-ordered-ascending.txt.csv, 0.000156,10000,9999
data-set/10000-numbers-64-ordered-descending.txt.csv, 0.318974,10000,49993432
data-set/10000-numbers-64-unordered.txt.csv, 0.127280,10000,24986496
data-set/10000-numbers-65-ordered-ascending.txt.csv, 0.000145,10000,9998
data-set/10000-numbers-65-ordered-descending.txt.csv, 0.221863,10000,49993543
data-set/10000-numbers-65-unordered.txt.csv, 0.116846,10000,25216578
data-set/10000-numbers-66-ordered-ascending.txt.csv, 0.000096,10000,9999
data-set/10000-numbers-66-ordered-descending.txt.csv, 0.185350,10000,49993541
data-set/10000-numbers-66-unordered.txt.csv, 0.076349,10000,25279714
data-set/10000-numbers-67-ordered-ascending.txt.csv, 0.000070,10000,9999
data-set/10000-numbers-67-ordered-descending.txt.csv, 0.171592,10000,49993491
data-set/10000-numbers-67-unordered.txt.csv, 0.089044,10000,25218410
data-set/10000-numbers-68-ordered-ascending.txt.csv, 0.000087,10000,9998
data-set/10000-numbers-68-ordered-descending.txt.csv, 0.173709,10000,49993543
data-set/10000-numbers-68-unordered.txt.csv, 0.094556,10000,24964192
data-set/10000-numbers-69-ordered-ascending.txt.csv, 0.000095,10000,9998
data-set/10000-numbers-69-ordered-descending.txt.csv, 0.179892,10000,49993447
data-set/10000-numbers-69-unordered.txt.csv, 0.089073,10000,25069025
data-set/10000-numbers-7-ordered-ascending.txt.csv, 0.000062,10000,9998
data-set/10000-numbers-7-ordered-descending.txt.csv, 0.188892,10000,49993456
data-set/10000-numbers-7-unordered.txt.csv, 0.083113,10000,25068727
data-set/10000-numbers-70-ordered-ascending.txt.csv, 0.000064,10000,9999
data-set/10000-numbers-70-ordered-descending.txt.csv, 0.150203,10000,49993480
data-set/10000-numbers-70-unordered.txt.csv, 0.093806,10000,25113780
data-set/10000-numbers-71-ordered-ascending.txt.csv, 0.000079,10000,9999
data-set/10000-numbers-71-ordered-descending.txt.csv, 0.204793,10000,49993503
data-set/10000-numbers-71-unordered.txt.csv, 0.095367,10000,24936155
data-set/10000-numbers-72-ordered-ascending.txt.csv, 0.000079,10000,9999
data-set/10000-numbers-72-ordered-descending.txt.csv, 0.182020,10000,49993475
data-set/10000-numbers-72-unordered.txt.csv, 0.097608,10000,25054340
data-set/10000-numbers-73-ordered-ascending.txt.csv, 0.000134,10000,9999
data-set/10000-numbers-73-ordered-descending.txt.csv, 0.181661,10000,49993524
data-set/10000-numbers-73-unordered.txt.csv, 0.084330,10000,25189487
data-set/10000-numbers-74-ordered-ascending.txt.csv, 0.000064,10000,9998
data-set/10000-numbers-74-ordered-descending.txt.csv, 0.146458,10000,49993477
data-set/10000-numbers-74-unordered.txt.csv, 0.078449,10000,25158737
data-set/10000-numbers-75-ordered-ascending.txt.csv, 0.000068,10000,9999
data-set/10000-numbers-75-ordered-descending.txt.csv, 0.139892,10000,49993494
data-set/10000-numbers-75-unordered.txt.csv, 0.068161,10000,24764232
data-set/10000-numbers-76-ordered-ascending.txt.csv, 0.000059,10000,9998
data-set/10000-numbers-76-ordered-descending.txt.csv, 0.148730,10000,49993502
data-set/10000-numbers-76-unordered.txt.csv, 0.107417,10000,25138660
data-set/10000-numbers-77-ordered-ascending.txt.csv, 0.000063,10000,9998
data-set/10000-numbers-77-ordered-descending.txt.csv, 0.171842,10000,49993542
data-set/10000-numbers-77-unordered.txt.csv, 0.093670,10000,25087128
data-set/10000-numbers-78-ordered-ascending.txt.csv, 0.000062,10000,9998
data-set/10000-numbers-78-ordered-descending.txt.csv, 0.195900,10000,49993454
data-set/10000-numbers-78-unordered.txt.csv, 0.099781,10000,24858618
data-set/10000-numbers-79-ordered-ascending.txt.csv, 0.000072,10000,9998
data-set/10000-numbers-79-ordered-descending.txt.csv, 0.179240,10000,49993506
data-set/10000-numbers-79-unordered.txt.csv, 0.092379,10000,24996069
data-set/10000-numbers-8-ordered-ascending.txt.csv, 0.000064,10000,9998
data-set/10000-numbers-8-ordered-descending.txt.csv, 0.171626,10000,49993482
data-set/10000-numbers-8-unordered.txt.csv, 0.116065,10000,25145756
data-set/10000-numbers-80-ordered-ascending.txt.csv, 0.000063,10000,9999
data-set/10000-numbers-80-ordered-descending.txt.csv, 0.208707,10000,49993549
data-set/10000-numbers-80-unordered.txt.csv, 0.083611,10000,25199460
data-set/10000-numbers-81-ordered-ascending.txt.csv, 0.000062,10000,9999
data-set/10000-numbers-81-ordered-descending.txt.csv, 0.190848,10000,49993532
data-set/10000-numbers-81-unordered.txt.csv, 0.115422,10000,25077553
data-set/10000-numbers-82-ordered-ascending.txt.csv, 0.000078,10000,9999
data-set/10000-numbers-82-ordered-descending.txt.csv, 0.159770,10000,49993523
data-set/10000-numbers-82-unordered.txt.csv, 0.080001,10000,25239283
data-set/10000-numbers-83-ordered-ascending.txt.csv, 0.000063,10000,9998
data-set/10000-numbers-83-ordered-descending.txt.csv, 0.194066,10000,49993434
data-set/10000-numbers-83-unordered.txt.csv, 0.088458,10000,24925508
data-set/10000-numbers-84-ordered-ascending.txt.csv, 0.000091,10000,9999
data-set/10000-numbers-84-ordered-descending.txt.csv, 0.185356,10000,49993423
data-set/10000-numbers-84-unordered.txt.csv, 0.070475,10000,25123363
data-set/10000-numbers-85-ordered-ascending.txt.csv, 0.000105,10000,9997
data-set/10000-numbers-85-ordered-descending.txt.csv, 0.203872,10000,49993510
data-set/10000-numbers-85-unordered.txt.csv, 0.073488,10000,24727870
data-set/10000-numbers-86-ordered-ascending.txt.csv, 0.000080,10000,9999
data-set/10000-numbers-86-ordered-descending.txt.csv, 0.158439,10000,49993472
data-set/10000-numbers-86-unordered.txt.csv, 0.080858,10000,24947200
data-set/10000-numbers-87-ordered-ascending.txt.csv, 0.000121,10000,9996
data-set/10000-numbers-87-ordered-descending.txt.csv, 0.176323,10000,49993455
data-set/10000-numbers-87-unordered.txt.csv, 0.069287,10000,24883242
data-set/10000-numbers-88-ordered-ascending.txt.csv, 0.000079,10000,9999
data-set/10000-numbers-88-ordered-descending.txt.csv, 0.178843,10000,49993434
data-set/10000-numbers-88-unordered.txt.csv, 0.136155,10000,24852485
data-set/10000-numbers-89-ordered-ascending.txt.csv, 0.000121,10000,9999
data-set/10000-numbers-89-ordered-descending.txt.csv, 0.244603,10000,49993571
data-set/10000-numbers-89-unordered.txt.csv, 0.122951,10000,25052915
data-set/10000-numbers-9-ordered-ascending.txt.csv, 0.000116,10000,9998
data-set/10000-numbers-9-ordered-descending.txt.csv, 0.198220,10000,49993434
data-set/10000-numbers-9-unordered.txt.csv, 0.083645,10000,25012874
data-set/10000-numbers-90-ordered-ascending.txt.csv, 0.000073,10000,9999
data-set/10000-numbers-90-ordered-descending.txt.csv, 0.186069,10000,49993502
data-set/10000-numbers-90-unordered.txt.csv, 0.086669,10000,25049260
data-set/10000-numbers-91-ordered-ascending.txt.csv, 0.000071,10000,9999
data-set/10000-numbers-91-ordered-descending.txt.csv, 0.168236,10000,49993506
data-set/10000-numbers-91-unordered.txt.csv, 0.113088,10000,25135884
data-set/10000-numbers-92-ordered-ascending.txt.csv, 0.000098,10000,9999
data-set/10000-numbers-92-ordered-descending.txt.csv, 0.245133,10000,49993464
data-set/10000-numbers-92-unordered.txt.csv, 0.098911,10000,24854011
data-set/10000-numbers-93-ordered-ascending.txt.csv, 0.000127,10000,9999
data-set/10000-numbers-93-ordered-descending.txt.csv, 0.319781,10000,49993463
data-set/10000-numbers-93-unordered.txt.csv, 0.084303,10000,25270632
data-set/10000-numbers-94-ordered-ascending.txt.csv, 0.000071,10000,9999
data-set/10000-numbers-94-ordered-descending.txt.csv, 0.164336,10000,49993539
data-set/10000-numbers-94-unordered.txt.csv, 0.070080,10000,25039533
data-set/10000-numbers-95-ordered-ascending.txt.csv, 0.000058,10000,9998
data-set/10000-numbers-95-ordered-descending.txt.csv, 0.146993,10000,49993472
data-set/10000-numbers-95-unordered.txt.csv, 0.095026,10000,24949071
data-set/10000-numbers-96-ordered-ascending.txt.csv, 0.000119,10000,9998
data-set/10000-numbers-96-ordered-descending.txt.csv, 0.199178,10000,49993456
data-set/10000-numbers-96-unordered.txt.csv, 0.080425,10000,24997749
data-set/10000-numbers-97-ordered-ascending.txt.csv, 0.000068,10000,9999
data-set/10000-numbers-97-ordered-descending.txt.csv, 0.159665,10000,49993457
data-set/10000-numbers-97-unordered.txt.csv, 0.095700,10000,24847473
data-set/10000-numbers-98-ordered-ascending.txt.csv, 0.000079,10000,9999
data-set/10000-numbers-98-ordered-descending.txt.csv, 0.142657,10000,49993506
data-set/10000-numbers-98-unordered.txt.csv, 0.078456,10000,24991816
data-set/10000-numbers-99-ordered-ascending.txt.csv, 0.000067,10000,9999
data-set/10000-numbers-99-ordered-descending.txt.csv, 0.171512,10000,49993479
data-set/10000-numbers-99-unordered.txt.csv, 0.118780,10000,25017054
